,date,prefecture,temperature_AVG,temperature_MAX,temperature_MIN,Precipitation_SUM,weather_noon_sunny,weather_noon_rainy,weather_noon_cloudy,weather_night_sunny,weather_night_rainy,weather_night_cloudy
0,2019-07-01,東京,22.7,24.3,21.0,1.5,0,1,1,0,1,1
1,2019-07-02,東京,23.8,28.1,21.5,0.5,0,1,1,0,0,1
2,2019-07-03,東京,24.9,29.1,22.2,1.0,0,0,1,0,1,1
3,2019-07-04,東京,22.7,25.2,19.9,10.5,0,1,1,1,0,1
4,2019-07-05,東京,21.9,24.5,19.0,4.5,0,0,1,0,1,1
5,2019-07-06,東京,21.0,23.7,19.2,14.5,0,1,1,0,1,1
6,2019-07-07,東京,19.2,20.8,17.9,22.5,0,1,0,0,1,1
7,2019-07-08,東京,20.3,24.8,17.7,0.0,0,0,1,0,0,1
8,2019-07-09,東京,19.7,21.8,18.5,0.0,0,0,1,0,0,1
9,2019-07-10,東京,21.0,24.8,18.5,0.0,1,0,1,1,0,1
10,2019-07-11,東京,19.9,23.6,17.9,2.0,0,1,1,0,1,0
11,2019-07-12,東京,20.2,21.9,18.2,12.5,0,1,1,0,0,1
12,2019-07-13,東京,23.4,27.3,20.0,0.5,0,1,1,0,1,0
13,2019-07-14,東京,21.3,22.5,20.2,39.0,0,1,1,0,1,1
14,2019-07-15,東京,21.3,25.0,19.4,7.0,0,1,1,0,1,1
15,2019-07-16,東京,20.5,22.1,19.0,33.5,0,1,1,0,1,1
16,2019-07-17,東京,23.9,28.7,20.3,0.5,1,0,1,1,0,1
17,2019-07-18,東京,25.6,29.7,22.2,9.5,0,0,1,0,1,1
18,2019-07-19,東京,26.7,31.4,23.0,3.5,0,1,1,0,1,1
19,2019-07-20,東京,26.5,29.5,24.4,0.0,0,1,1,0,1,1
20,2019-07-21,東京,25.0,28.2,22.7,0.0,0,1,1,0,1,1
21,2019-07-22,東京,22.7,24.0,21.6,0.5,0,1,1,0,1,1
22,2019-07-23,東京,24.5,29.3,22.4,4.0,0,1,1,0,1,1
23,2019-07-24,東京,26.8,31.6,23.7,6.0,1,1,1,1,0,1
24,2019-07-25,東京,28.0,32.4,24.4,0.0,1,1,0,1,0,0
25,2019-07-26,東京,28.5,33.1,25.6,0.5,1,0,0,0,1,1
26,2019-07-27,東京,28.0,31.4,25.1,4.0,1,0,1,0,1,1
27,2019-07-28,東京,27.7,32.3,25.0,15.0,1,1,1,1,0,1
28,2019-07-29,東京,29.0,33.7,25.3,0.0,1,0,1,1,0,1
29,2019-07-30,東京,29.5,33.6,26.0,0.0,1,0,1,1,0,1
30,2019-07-31,東京,30.0,34.6,26.5,0.0,1,0,1,1,0,1
31,2019-08-01,東京,30.5,35.0,26.3,0.0,1,0,0,1,0,0
32,2019-08-02,東京,30.2,35.1,27.1,0.0,1,0,0,1,0,0
33,2019-08-03,東京,29.4,33.7,25.7,0.0,1,0,0,1,0,0
34,2019-08-04,東京,29.4,34.3,25.3,0.0,1,0,0,1,0,0
35,2019-08-05,東京,29.8,34.9,25.1,0.0,1,0,0,1,0,1
36,2019-08-06,東京,30.3,35.0,27.5,0.0,1,0,1,1,0,1
37,2019-08-07,東京,30.4,35.6,26.7,0.0,1,0,1,1,0,1
38,2019-08-08,東京,29.9,35.5,26.0,0.0,1,0,0,1,0,1
39,2019-08-09,東京,30.1,35.6,26.2,0.0,1,0,1,1,0,1
40,2019-08-10,東京,29.6,34.4,25.7,0.0,1,0,1,1,0,0
41,2019-08-11,東京,29.4,35.6,25.3,0.0,1,0,1,1,0,1
42,2019-08-12,東京,28.8,33.2,25.6,0.5,0,1,1,1,0,1
43,2019-08-13,東京,29.3,35.5,26.9,0.0,1,1,1,1,0,1
44,2019-08-14,東京,29.2,32.4,27.1,8.5,1,1,1,1,0,1
45,2019-08-15,東京,29.2,32.6,25.9,20.0,1,1,1,0,1,1
46,2019-08-16,東京,29.0,31.6,28.0,0.0,0,1,1,1,0,0
47,2019-08-17,東京,30.3,35.5,27.3,0.0,1,0,0,1,0,0
48,2019-08-18,東京,30.1,35.2,26.5,0.0,1,0,1,1,0,1
49,2019-08-19,東京,28.1,32.2,25.7,0.5,1,1,1,0,1,1
50,2019-08-20,東京,26.5,31.1,24.1,13.0,0,1,1,1,0,1
51,2019-08-21,東京,27.0,31.4,23.6,3.0,1,0,1,0,1,1
52,2019-08-22,東京,26.0,29.5,23.2,20.0,0,1,1,0,1,1
53,2019-08-23,東京,26.3,28.5,24.0,4.5,0,1,1,0,1,1
54,2019-08-24,東京,27.3,31.4,24.0,0.0,1,0,1,0,1,1
55,2019-08-25,東京,25.8,31.1,20.7,15.0,1,0,0,0,1,1
56,2019-08-26,東京,25.3,28.5,22.9,0.0,1,0,1,1,0,1
57,2019-08-27,東京,25.3,29.4,22.8,6.0,0,1,1,0,1,1
58,2019-08-28,東京,25.6,28.1,23.2,7.0,0,1,0,0,1,1
59,2019-08-29,東京,28.9,34.6,24.7,0.0,1,0,1,1,0,1
60,2019-08-30,東京,26.0,28.0,24.2,12.0,0,1,1,0,1,1
61,2019-08-31,東京,27.3,31.7,24.3,0.0,1,0,1,1,0,1
62,2019-09-01,東京,27.7,32.1,25.0,0.0,1,0,1,1,0,1
63,2019-09-02,東京,27.6,31.8,24.1,0.0,1,0,1,1,0,1
64,2019-09-03,東京,25.8,28.5,22.6,1.5,0,1,1,0,1,1
65,2019-09-04,東京,23.7,26.5,22.5,0.0,0,0,1,0,0,1
66,2019-09-05,東京,25.7,29.6,23.0,0.0,0,0,1,1,0,1
67,2019-09-06,東京,27.9,32.9,23.1,0.0,1,0,0,1,0,0
68,2019-09-07,東京,28.4,33.5,24.8,0.0,1,0,1,1,0,0
69,2019-09-08,東京,29.1,33.3,25.3,8.5,1,1,1,0,1,0
70,2019-09-09,東京,29.0,36.2,24.5,119.0,0,1,1,1,0,0
71,2019-09-10,東京,29.9,35.6,25.4,0.5,1,0,0,1,1,1
72,2019-09-11,東京,27.4,32.3,24.3,7.5,1,1,1,1,1,1
73,2019-09-12,東京,25.1,28.7,22.7,0.0,1,0,1,0,0,1
74,2019-09-13,東京,22.4,23.6,20.3,0.0,0,0,1,1,0,1
75,2019-09-14,東京,22.1,25.1,19.5,0.0,1,1,1,1,1,1
76,2019-09-15,東京,25.2,31.1,20.3,0.5,1,0,1,0,1,1
77,2019-09-16,東京,22.9,25.3,21.4,28.5,0,1,1,1,0,1
78,2019-09-17,東京,25.8,31.1,22.3,0.0,1,0,0,1,0,1
79,2019-09-18,東京,21.2,24.8,18.4,9.5,0,1,1,1,1,1
80,2019-09-19,東京,22.1,27.7,17.1,0.0,1,0,1,1,0,1
81,2019-09-20,東京,22.8,27.3,19.7,0.0,1,0,1,0,1,1
82,2019-09-21,東京,21.8,24.1,19.9,0.0,0,0,1,1,0,1
83,2019-09-22,東京,22.4,28.5,18.4,17.0,0,1,1,0,1,1
84,2019-09-23,東京,26.0,30.7,20.4,3.5,1,0,1,1,0,1
85,2019-09-24,東京,25.4,30.9,22.6,1.0,1,1,1,0,1,1
86,2019-09-25,東京,24.3,28.9,20.8,0.0,1,0,0,1,0,1
87,2019-09-26,東京,22.8,27.4,19.6,0.0,1,0,1,1,0,1
88,2019-09-27,東京,23.0,28.1,18.2,0.0,1,0,1,1,0,1
89,2019-09-28,東京,24.4,29.6,20.0,0.0,1,0,1,0,1,1
90,2019-09-29,東京,24.7,27.7,22.4,0.0,0,0,1,1,0,1
91,2019-09-30,東京,25.2,29.7,21.4,0.0,1,0,1,1,0,1
92,2019-07-01,神奈川,23.5,25.5,22.1,2.0,0,1,1,0,1,1
93,2019-07-02,神奈川,24.2,27.1,22.8,0.5,0,1,1,1,0,1
94,2019-07-03,神奈川,25.1,28.9,22.7,0.5,1,0,1,0,1,1
95,2019-07-04,神奈川,23.0,25.2,21.0,27.5,0,1,1,1,1,1
96,2019-07-05,神奈川,22.1,25.0,20.1,6.0,0,1,1,0,1,0
97,2019-07-06,神奈川,20.9,23.0,19.5,18.5,0,1,1,0,1,0
98,2019-07-07,神奈川,19.4,21.0,18.1,14.5,0,1,0,1,1,1
99,2019-07-08,神奈川,20.5,24.1,18.1,0.0,1,0,1,0,1,1
100,2019-07-09,神奈川,20.2,21.7,19.0,0.0,0,1,1,1,0,1
101,2019-07-10,神奈川,21.5,26.3,18.8,0.0,1,1,1,1,0,1
102,2019-07-11,神奈川,20.5,24.7,17.8,2.0,0,1,1,0,1,1
103,2019-07-12,神奈川,20.1,21.6,17.9,10.0,0,1,1,0,0,1
104,2019-07-13,神奈川,23.4,26.7,20.9,1.5,0,1,1,0,1,0
105,2019-07-14,神奈川,21.5,23.2,20.4,29.0,0,1,1,0,1,1
106,2019-07-15,神奈川,21.4,23.9,19.8,7.5,0,1,1,1,1,1
107,2019-07-16,神奈川,20.6,21.9,19.3,33.0,0,1,1,0,1,1
108,2019-07-17,神奈川,23.6,28.2,20.5,0.5,1,1,1,1,0,1
109,2019-07-18,神奈川,25.8,30.5,22.2,7.0,0,1,1,0,1,1
110,2019-07-19,神奈川,26.8,30.5,23.8,1.0,1,1,1,0,1,1
111,2019-07-20,神奈川,26.7,28.9,24.8,0.0,0,1,1,0,1,1
112,2019-07-21,神奈川,25.7,28.5,23.6,0.0,0,1,1,0,1,1
113,2019-07-22,神奈川,23.6,24.9,22.5,0.0,0,1,1,0,1,1
114,2019-07-23,神奈川,25.2,29.6,23.0,1.0,1,1,1,1,1,1
115,2019-07-24,神奈川,27.1,31.6,24.0,0.0,1,1,1,1,1,0
116,2019-07-25,神奈川,28.1,32.5,25.2,0.0,1,1,1,1,1,0
117,2019-07-26,神奈川,28.2,32.5,25.5,1.5,1,1,0,1,1,1
118,2019-07-27,神奈川,28.0,31.0,25.2,7.0,1,1,1,1,1,1
119,2019-07-28,神奈川,27.9,32.2,25.2,4.5,1,1,1,1,0,1
120,2019-07-29,神奈川,28.8,33.0,25.8,0.0,1,1,1,1,1,1
121,2019-07-30,神奈川,29.1,33.1,26.4,0.0,1,0,1,1,0,0
122,2019-07-31,神奈川,29.4,33.8,26.6,0.0,1,0,0,1,0,1
123,2019-08-01,神奈川,29.8,34.8,26.5,0.0,1,0,0,1,0,0
124,2019-08-02,神奈川,29.6,34.5,26.7,0.0,1,1,0,1,0,0
125,2019-08-03,神奈川,29.1,33.7,26.1,0.0,1,1,0,1,1,0
126,2019-08-04,神奈川,29.2,34.1,25.7,0.0,1,1,0,1,0,0
127,2019-08-05,神奈川,29.6,34.4,26.2,0.0,1,0,0,1,0,1
128,2019-08-06,神奈川,29.7,34.6,27.3,0.0,1,0,1,1,0,0
129,2019-08-07,神奈川,29.5,34.4,26.8,0.0,1,0,1,1,0,1
130,2019-08-08,神奈川,29.4,33.8,26.2,0.0,1,0,0,1,0,0
131,2019-08-09,神奈川,29.6,34.8,26.6,0.0,1,0,0,1,0,1
132,2019-08-10,神奈川,29.2,33.7,26.4,0.0,1,0,1,1,0,1
133,2019-08-11,神奈川,29.7,35.6,26.0,0.0,1,0,0,1,1,0
134,2019-08-12,神奈川,28.8,33.6,26.3,0.0,1,1,1,1,0,0
135,2019-08-13,神奈川,29.1,34.3,26.4,3.0,1,1,1,1,1,0
136,2019-08-14,神奈川,29.3,32.7,27.0,6.0,1,1,1,1,1,0
137,2019-08-15,神奈川,28.7,32.2,25.9,9.5,1,1,1,0,1,1
138,2019-08-16,神奈川,28.6,30.9,27.8,0.0,1,1,1,1,0,1
139,2019-08-17,神奈川,30.0,34.1,27.4,0.0,1,0,0,1,0,0
140,2019-08-18,神奈川,30.1,34.8,26.7,0.0,1,0,1,1,0,0
141,2019-08-19,神奈川,28.7,32.5,26.8,0.0,1,1,1,1,1,1
142,2019-08-20,神奈川,28.3,33.5,26.3,0.5,1,1,1,1,0,1
143,2019-08-21,神奈川,28.2,33.1,24.9,0.0,1,1,1,0,1,1
144,2019-08-22,神奈川,27.2,31.2,24.5,0.0,0,1,1,1,1,1
145,2019-08-23,神奈川,27.0,30.0,24.4,5.0,0,1,1,0,1,1
146,2019-08-24,神奈川,27.5,31.1,24.9,0.0,1,1,1,1,1,1
147,2019-08-25,神奈川,26.2,31.4,22.6,0.5,1,0,1,1,1,1
148,2019-08-26,神奈川,25.3,29.5,22.6,26.5,1,1,1,1,1,0
149,2019-08-27,神奈川,25.4,29.2,23.3,2.5,1,1,1,0,1,1
150,2019-08-28,神奈川,25.9,27.7,22.9,15.5,0,1,0,0,1,1
151,2019-08-29,神奈川,29.0,32.7,26.7,0.5,1,0,1,1,1,1
152,2019-08-30,神奈川,26.2,28.0,23.9,17.0,0,1,1,1,1,1
153,2019-08-31,神奈川,27.9,32.4,24.7,0.0,1,1,1,1,1,1
154,2019-09-01,神奈川,27.9,31.9,25.3,0.0,1,0,0,1,0,0
155,2019-09-02,神奈川,28.1,33.0,24.6,0.0,1,1,0,1,0,0
156,2019-09-03,神奈川,26.3,30.6,23.5,42.0,1,1,1,1,1,1
157,2019-09-04,神奈川,24.0,26.9,22.2,0.5,0,1,1,1,1,1
158,2019-09-05,神奈川,26.3,30.2,23.6,0.0,1,1,1,1,0,1
159,2019-09-06,神奈川,28.1,33.0,24.1,0.0,1,0,0,1,0,0
160,2019-09-07,神奈川,28.5,33.2,25.5,0.0,1,0,1,1,0,0
161,2019-09-08,神奈川,28.4,32.4,26.0,20.5,1,1,0,0,1,0
162,2019-09-09,神奈川,28.7,34.0,24.9,157.0,1,1,1,1,1,0
163,2019-09-10,神奈川,29.6,34.2,26.6,0.0,1,1,0,1,1,1
164,2019-09-11,神奈川,28.2,32.2,25.8,0.0,1,1,1,1,1,1
165,2019-09-12,神奈川,25.7,28.4,23.6,0.0,1,0,1,0,0,1
166,2019-09-13,神奈川,23.2,24.6,21.7,0.0,0,0,1,1,1,1
167,2019-09-14,神奈川,22.7,25.2,20.4,0.0,0,1,1,1,1,0
168,2019-09-15,神奈川,25.6,31.1,21.5,3.5,1,0,1,1,1,0
169,2019-09-16,神奈川,23.1,25.1,21.7,23.5,0,1,1,1,0,1
170,2019-09-17,神奈川,26.0,30.6,23.1,0.0,1,0,0,1,0,1
171,2019-09-18,神奈川,21.3,24.3,19.2,15.5,1,1,1,1,1,1
172,2019-09-19,神奈川,22.8,26.9,19.5,0.0,1,1,1,1,0,1
173,2019-09-20,神奈川,23.1,26.8,20.3,0.0,1,1,1,0,1,1
174,2019-09-21,神奈川,22.6,24.8,21.5,0.0,0,1,1,1,0,1
175,2019-09-22,神奈川,22.8,27.3,20.0,18.0,1,1,1,1,1,1
176,2019-09-23,神奈川,25.9,30.3,20.7,1.5,1,1,1,1,0,1
177,2019-09-24,神奈川,26.3,31.3,23.8,0.0,1,1,1,1,1,1
178,2019-09-25,神奈川,24.6,28.0,22.2,0.0,1,1,0,1,0,1
179,2019-09-26,神奈川,23.1,27.1,20.7,0.0,1,0,1,1,0,0
180,2019-09-27,神奈川,23.6,28.5,20.3,0.0,1,0,1,1,0,1
181,2019-09-28,神奈川,24.2,28.7,20.8,0.0,1,1,1,0,1,1
182,2019-09-29,神奈川,24.4,27.7,22.1,0.0,1,1,1,1,0,1
183,2019-09-30,神奈川,25.2,29.4,22.5,0.0,1,0,1,1,0,1
184,2019-07-01,福岡,23.9,28.2,21.4,5.0,0,1,1,0,1,1
185,2019-07-02,福岡,23.3,26.0,21.2,5.0,0,1,1,0,1,1
186,2019-07-03,福岡,23.3,25.3,22.1,8.5,0,1,1,0,1,1
187,2019-07-04,福岡,24.6,29.3,22.4,0.5,1,0,1,1,0,1
188,2019-07-05,福岡,24.4,28.0,21.8,0.0,0,0,1,0,0,1
189,2019-07-06,福岡,25.3,29.6,22.8,0.0,1,0,1,1,0,1
190,2019-07-07,福岡,24.3,28.8,22.2,0.0,1,0,1,0,1,1
191,2019-07-08,福岡,24.8,29.3,22.3,0.0,1,0,1,0,1,1
192,2019-07-09,福岡,24.4,28.7,22.7,2.0,0,1,1,0,1,1
193,2019-07-10,福岡,25.2,28.2,23.0,10.5,0,1,1,0,1,1
194,2019-07-11,福岡,27.3,29.7,24.5,0.0,1,1,1,1,0,1
195,2019-07-12,福岡,25.2,28.8,23.3,0.0,1,0,1,0,1,1
196,2019-07-13,福岡,22.1,23.9,20.4,54.5,0,1,0,0,1,1
197,2019-07-14,福岡,23.0,25.6,21.3,3.5,0,1,1,0,0,1
198,2019-07-15,福岡,24.7,28.2,22.3,0.0,1,0,1,1,0,1
199,2019-07-16,福岡,25.2,29.2,22.0,0.0,1,0,0,1,0,0
200,2019-07-17,福岡,25.9,31.2,23.5,1.5,0,1,1,0,1,1
201,2019-07-18,福岡,25.0,25.9,24.3,93.0,0,1,1,0,1,1
202,2019-07-19,福岡,26.6,28.5,24.3,1.0,0,1,1,0,1,1
203,2019-07-20,福岡,26.5,28.2,25.3,38.0,0,1,1,0,1,1
204,2019-07-21,福岡,26.2,29.3,25.0,63.5,0,1,1,1,1,1
205,2019-07-22,福岡,28.2,31.6,25.3,0.5,0,1,1,1,1,1
206,2019-07-23,福岡,28.4,32.3,25.5,0.5,0,0,1,1,0,1
207,2019-07-24,福岡,29.5,33.8,26.1,0.0,1,0,1,1,0,1
208,2019-07-25,福岡,29.6,34.4,27.1,0.0,1,0,1,1,0,0
209,2019-07-26,福岡,29.7,35.0,26.8,0.0,1,0,0,1,0,0
210,2019-07-27,福岡,29.9,33.6,27.0,0.0,1,0,1,1,0,1
211,2019-07-28,福岡,30.4,33.8,27.7,0.0,1,0,1,1,0,1
212,2019-07-29,福岡,29.6,32.7,27.2,3.0,0,1,1,1,0,1
213,2019-07-30,福岡,30.2,34.4,27.2,5.0,1,1,0,1,0,0
214,2019-07-31,福岡,30.5,34.6,26.8,0.0,1,0,0,1,0,1
215,2019-08-01,福岡,30.7,35.1,27.4,0.0,1,0,1,1,0,1
216,2019-08-02,福岡,30.5,34.9,28.1,0.0,1,0,1,1,0,0
217,2019-08-03,福岡,31.7,37.6,28.3,0.0,1,0,0,1,0,0
218,2019-08-04,福岡,30.7,34.8,27.5,0.0,1,0,0,1,0,0
219,2019-08-05,福岡,29.8,33.2,27.5,0.0,1,0,1,1,0,1
220,2019-08-06,福岡,26.9,30.0,24.3,38.0,0,1,1,1,0,1
221,2019-08-07,福岡,28.7,34.8,26.0,4.5,1,1,1,1,0,1
222,2019-08-08,福岡,30.0,35.1,26.3,9.5,1,0,1,1,1,1
223,2019-08-09,福岡,29.5,33.3,25.2,0.0,0,0,1,1,0,1
224,2019-08-10,福岡,30.9,36.0,26.5,0.0,0,0,1,1,0,1
225,2019-08-11,福岡,31.4,36.3,26.4,0.0,1,0,1,1,0,1
226,2019-08-12,福岡,31.4,35.3,28.1,0.0,1,0,1,1,0,0
227,2019-08-13,福岡,30.7,34.9,28.3,0.0,1,0,0,1,0,1
228,2019-08-14,福岡,29.3,34.6,27.0,5.5,1,1,1,0,1,1
229,2019-08-15,福岡,27.0,28.4,25.7,53.0,0,1,0,0,1,1
230,2019-08-16,福岡,29.3,32.7,27.4,0.0,1,0,1,1,0,0
231,2019-08-17,福岡,28.6,32.5,25.6,0.0,1,0,1,1,0,1
232,2019-08-18,福岡,27.7,29.8,26.0,0.0,0,0,1,0,0,1
233,2019-08-19,福岡,27.3,29.8,25.6,0.0,0,1,1,0,1,1
234,2019-08-20,福岡,26.6,29.8,23.9,85.5,0,1,1,0,1,1
235,2019-08-21,福岡,29.2,33.9,25.6,0.5,1,0,1,1,0,0
236,2019-08-22,福岡,29.1,33.2,26.0,5.0,1,0,1,0,1,1
237,2019-08-23,福岡,28.0,32.5,24.6,14.0,1,0,1,0,1,1
238,2019-08-24,福岡,24.8,29.1,19.6,2.5,0,1,1,0,1,1
239,2019-08-25,福岡,22.1,24.8,20.4,0.5,0,1,1,0,1,1
240,2019-08-26,福岡,21.8,23.9,18.7,18.5,0,1,1,0,1,1
241,2019-08-27,福岡,24.3,26.3,23.6,130.5,0,1,0,0,1,1
242,2019-08-28,福岡,25.7,29.3,23.7,86.0,0,1,1,0,1,1
243,2019-08-29,福岡,25.3,29.4,24.0,43.0,0,1,1,0,1,1
244,2019-08-30,福岡,25.6,29.6,23.2,0.5,0,0,1,1,0,1
245,2019-08-31,福岡,24.5,29.5,20.6,0.0,1,0,1,0,1,1
246,2019-09-01,福岡,22.5,25.0,19.4,40.0,0,1,1,0,1,1
247,2019-09-02,福岡,25.0,29.2,23.0,4.5,0,1,1,1,0,1
248,2019-09-03,福岡,27.5,31.9,23.2,0.5,1,0,1,0,1,1
249,2019-09-04,福岡,27.2,31.2,24.5,0.0,1,0,1,1,0,1
250,2019-09-05,福岡,28.4,33.2,25.1,1.0,1,1,1,1,0,1
251,2019-09-06,福岡,29.8,34.8,25.8,0.0,0,0,1,0,0,1
252,2019-09-07,福岡,29.3,30.8,27.1,0.0,0,1,1,1,1,1
253,2019-09-08,福岡,28.9,34.2,25.8,0.5,1,1,0,1,1,1
254,2019-09-09,福岡,30.0,34.8,25.9,0.0,1,0,1,1,0,0
255,2019-09-10,福岡,29.2,33.8,26.9,2.0,1,1,1,1,0,1
256,2019-09-11,福岡,29.5,34.0,27.3,0.0,1,0,1,1,0,1
257,2019-09-12,福岡,27.7,31.5,26.1,0.0,1,0,1,0,0,1
258,2019-09-13,福岡,26.9,30.8,25.0,0.0,1,0,1,1,0,1
259,2019-09-14,福岡,28.0,32.8,25.1,0.0,1,0,1,1,0,1
260,2019-09-15,福岡,27.6,31.3,25.3,0.0,1,0,0,1,0,1
261,2019-09-16,福岡,26.2,29.6,23.8,0.0,1,0,1,1,0,1
262,2019-09-17,福岡,25.9,29.7,23.0,0.0,1,0,1,1,0,1
263,2019-09-18,福岡,25.5,29.2,22.9,0.0,1,0,1,1,0,0
264,2019-09-19,福岡,24.0,28.5,21.1,0.0,1,0,1,1,0,1
265,2019-09-20,福岡,19.9,24.6,17.6,7.0,1,1,1,0,1,1
266,2019-09-21,福岡,22.5,25.4,17.6,0.0,0,0,1,0,1,1
267,2019-09-22,福岡,24.7,26.9,22.5,50.0,0,1,0,0,1,0
268,2019-09-23,福岡,20.8,25.9,19.7,14.0,0,1,1,1,1,1
269,2019-09-24,福岡,22.4,26.6,19.6,0.0,1,0,0,1,0,0
270,2019-09-25,福岡,21.9,27.3,16.8,0.0,1,0,0,1,0,0
271,2019-09-26,福岡,23.0,25.3,19.2,0.0,0,0,1,0,1,1
272,2019-09-27,福岡,26.0,30.5,22.6,1.5,0,1,1,0,1,1
273,2019-09-28,福岡,26.3,31.9,24.0,14.5,1,1,1,1,0,1
274,2019-09-29,福岡,24.9,27.6,22.6,0.0,0,1,1,0,0,1
275,2019-09-30,福岡,25.1,28.3,22.8,0.5,0,1,1,1,0,1
276,2019-07-01,愛知,24.3,27.8,22.3,10.5,0,1,1,0,1,1
277,2019-07-02,愛知,25.0,28.9,22.0,1.0,0,1,1,0,0,1
278,2019-07-03,愛知,24.8,27.8,23.0,6.5,0,1,1,0,1,0
279,2019-07-04,愛知,25.7,29.6,22.7,24.5,0,0,1,1,0,1
280,2019-07-05,愛知,24.1,27.0,21.0,0.5,0,0,1,0,1,1
281,2019-07-06,愛知,23.7,28.7,20.3,4.5,0,1,1,0,1,1
282,2019-07-07,愛知,26.0,31.2,22.2,0.5,0,1,1,0,0,1
283,2019-07-08,愛知,25.0,29.3,22.8,0.0,0,0,1,0,0,1
284,2019-07-09,愛知,23.8,26.5,22.2,0.0,0,0,1,0,0,1
285,2019-07-10,愛知,24.0,27.7,21.6,0.0,0,1,1,0,1,1
286,2019-07-11,愛知,21.1,22.5,19.8,24.5,0,1,0,0,1,0
287,2019-07-12,愛知,24.4,30.3,19.8,6.5,1,0,1,0,1,1
288,2019-07-13,愛知,24.1,27.6,20.7,15.0,0,1,1,0,1,0
289,2019-07-14,愛知,23.5,27.1,20.4,13.0,0,1,1,0,1,1
290,2019-07-15,愛知,24.2,27.7,22.2,13.5,0,1,1,0,1,1
291,2019-07-16,愛知,24.1,26.9,22.4,6.5,0,1,1,0,1,1
292,2019-07-17,愛知,25.8,30.3,22.1,24.0,1,0,1,0,1,1
293,2019-07-18,愛知,25.3,28.6,23.1,27.5,0,1,1,0,1,0
294,2019-07-19,愛知,24.9,28.1,22.3,14.0,0,1,1,0,1,1
295,2019-07-20,愛知,26.0,28.4,23.8,1.0,0,1,1,0,0,1
296,2019-07-21,愛知,26.7,28.7,25.0,0.0,0,0,1,0,0,1
297,2019-07-22,愛知,25.3,26.7,23.7,36.0,0,1,0,1,1,1
298,2019-07-23,愛知,27.7,33.2,23.0,0.0,1,0,1,1,0,0
299,2019-07-24,愛知,29.2,34.8,24.6,0.0,1,0,0,1,0,1
300,2019-07-25,愛知,28.8,33.8,25.4,0.0,1,0,1,1,0,1
301,2019-07-26,愛知,28.5,33.7,23.9,12.0,1,0,1,0,1,1
302,2019-07-27,愛知,25.2,26.5,23.9,42.0,0,1,0,0,1,1
303,2019-07-28,愛知,28.7,34.4,24.2,0.0,1,0,1,1,0,1
304,2019-07-29,愛知,30.2,35.3,26.0,0.0,1,0,1,1,0,1
305,2019-07-30,愛知,30.6,35.8,27.1,0.0,1,0,1,1,0,1
306,2019-07-31,愛知,31.5,36.8,27.2,0.0,1,0,0,1,0,0
307,2019-08-01,愛知,31.8,36.8,27.6,0.0,1,0,0,1,0,1
308,2019-08-02,愛知,30.6,36.4,27.6,0.0,1,0,0,1,0,0
309,2019-08-03,愛知,29.9,34.8,26.7,0.0,1,0,1,1,0,1
310,2019-08-04,愛知,29.9,34.7,26.8,0.0,1,0,1,1,0,1
311,2019-08-05,愛知,30.8,37.0,27.3,0.0,1,0,1,1,0,1
312,2019-08-06,愛知,30.3,34.8,27.2,0.0,0,0,1,1,0,1
313,2019-08-07,愛知,30.4,35.9,26.7,0.0,1,0,0,1,0,0
314,2019-08-08,愛知,30.3,36.3,26.4,0.0,1,0,0,1,0,0
315,2019-08-09,愛知,30.4,36.6,26.7,0.0,1,0,1,1,0,1
316,2019-08-10,愛知,30.6,37.3,26.3,0.0,1,0,1,1,0,1
317,2019-08-11,愛知,30.4,35.6,27.1,0.0,1,0,0,1,0,0
318,2019-08-12,愛知,30.9,36.1,26.3,0.0,1,0,1,1,0,1
319,2019-08-13,愛知,31.8,38.0,28.0,0.0,1,0,0,1,0,0
320,2019-08-14,愛知,30.1,34.8,28.1,0.5,0,1,1,0,1,1
321,2019-08-15,愛知,28.6,32.9,26.5,31.5,0,1,1,0,1,0
322,2019-08-16,愛知,28.8,34.6,26.1,56.5,0,1,1,1,0,1
323,2019-08-17,愛知,30.1,35.6,26.5,0.0,1,0,1,1,0,0
324,2019-08-18,愛知,30.3,36.1,26.3,0.0,1,0,1,1,0,0
325,2019-08-19,愛知,29.0,34.7,26.0,1.0,1,1,1,0,1,1
326,2019-08-20,愛知,28.4,31.6,26.1,0.0,0,1,1,0,0,1
327,2019-08-21,愛知,29.3,34.3,26.2,0.0,1,0,1,0,1,1
328,2019-08-22,愛知,29.9,35.1,26.4,0.5,1,1,1,0,1,1
329,2019-08-23,愛知,24.4,27.8,21.8,26.5,0,1,1,0,1,1
330,2019-08-24,愛知,26.5,31.8,22.6,1.5,1,0,1,0,1,1
331,2019-08-25,愛知,27.2,32.0,23.9,0.0,1,0,0,1,0,1
332,2019-08-26,愛知,27.2,32.7,21.8,0.0,1,0,0,1,0,1
333,2019-08-27,愛知,24.7,28.7,22.2,27.5,0,1,1,0,1,1
334,2019-08-28,愛知,24.9,27.2,23.1,15.5,0,1,0,0,1,1
335,2019-08-29,愛知,28.3,33.6,24.0,5.0,0,0,1,0,1,1
336,2019-08-30,愛知,25.3,27.6,24.2,36.5,0,1,1,0,1,1
337,2019-08-31,愛知,26.2,30.5,22.9,1.5,0,1,1,0,0,1
338,2019-09-01,愛知,26.8,31.9,23.3,0.0,1,0,1,1,0,1
339,2019-09-02,愛知,28.1,33.5,23.3,0.0,1,0,1,1,0,1
340,2019-09-03,愛知,28.6,33.5,25.3,0.0,1,0,1,1,0,1
341,2019-09-04,愛知,26.5,31.5,24.6,13.5,0,1,1,0,1,1
342,2019-09-05,愛知,26.3,29.7,24.1,14.0,0,1,1,1,1,1
343,2019-09-06,愛知,28.0,32.9,24.0,1.0,1,0,1,1,0,0
344,2019-09-07,愛知,28.7,34.3,24.0,0.0,1,0,1,1,0,0
345,2019-09-08,愛知,30.1,35.2,25.1,0.0,1,0,1,1,0,1
346,2019-09-09,愛知,31.9,36.0,28.4,0.0,0,0,1,1,0,0
347,2019-09-10,愛知,31.3,36.6,27.1,0.0,1,0,0,1,0,0
348,2019-09-11,愛知,29.6,35.4,26.9,0.0,1,1,1,1,0,1
349,2019-09-12,愛知,27.3,32.8,24.5,0.0,1,0,1,0,0,1
350,2019-09-13,愛知,24.8,26.3,22.7,0.0,0,0,1,1,0,1
351,2019-09-14,愛知,25.6,30.1,21.7,0.0,1,0,1,1,0,1
352,2019-09-15,愛知,28.0,33.7,22.9,0.0,1,0,0,1,0,1
353,2019-09-16,愛知,28.8,34.9,25.3,0.0,1,0,0,1,0,1
354,2019-09-17,愛知,28.2,33.0,24.8,0.0,1,0,1,0,1,1
355,2019-09-18,愛知,24.6,27.0,22.4,2.5,0,1,1,1,0,1
356,2019-09-19,愛知,24.4,29.7,20.0,0.0,1,0,1,1,0,0
357,2019-09-20,愛知,23.2,30.5,17.7,0.5,1,1,1,0,1,0
358,2019-09-21,愛知,21.7,23.6,19.8,2.0,0,0,1,0,0,1
359,2019-09-22,愛知,24.1,28.2,21.2,2.0,0,1,1,1,1,1
360,2019-09-23,愛知,26.9,32.9,22.5,2.0,0,1,1,1,0,1
361,2019-09-24,愛知,23.4,27.2,20.6,0.0,1,0,1,1,0,0
362,2019-09-25,愛知,24.4,30.2,19.4,0.0,1,0,1,1,0,1
363,2019-09-26,愛知,25.0,31.0,20.6,0.0,1,0,0,1,0,1
364,2019-09-27,愛知,25.6,29.9,22.8,0.0,0,0,1,1,0,1
365,2019-09-28,愛知,25.1,29.3,22.4,0.0,0,0,1,0,0,1
366,2019-09-29,愛知,26.5,31.8,22.3,0.0,0,0,1,0,0,1
367,2019-09-30,愛知,27.1,34.1,23.9,1.5,1,0,1,1,1,1
368,2018-07-01,静岡,24.8,26.5,23.4,1.5,0,1,1,0,1,1
369,2018-07-02,静岡,24.7,26.7,23.0,0.5,0,1,1,0,0,1
370,2018-07-03,静岡,24.5,27.3,23.3,3.5,0,1,1,0,1,0
371,2018-07-04,静岡,24.1,26.1,22.2,40.5,0,1,1,0,1,1
372,2018-07-05,静岡,23.0,26.3,20.2,21.0,0,1,1,0,1,0
373,2018-07-06,静岡,22.6,25.2,20.0,14.0,0,1,1,0,1,1
374,2018-07-07,静岡,25.7,30.6,22.0,0.0,0,0,1,0,0,1
375,2018-07-08,静岡,24.0,26.9,22.1,0.0,0,0,1,0,1,1
376,2018-07-09,静岡,22.0,25.0,20.5,0.0,0,1,1,1,0,1
377,2018-07-10,静岡,24.0,28.3,20.6,0.0,1,0,0,1,0,1
378,2018-07-11,静岡,21.3,24.2,18.7,9.0,0,1,1,0,1,0
379,2018-07-12,静岡,23.3,27.8,18.8,9.5,0,1,1,1,0,1
380,2018-07-13,静岡,23.8,26.8,21.5,3.0,0,1,1,0,1,0
381,2018-07-14,静岡,22.7,26.0,20.1,36.5,0,1,1,0,1,1
382,2018-07-15,静岡,23.1,26.5,20.7,39.5,0,1,1,0,1,0
383,2018-07-16,静岡,22.7,25.3,20.5,2.5,0,1,1,0,1,1
384,2018-07-17,静岡,24.1,28.7,21.4,6.0,1,0,1,1,0,1
385,2018-07-18,静岡,25.2,28.6,22.0,21.5,0,0,1,0,1,1
386,2018-07-19,静岡,27.6,32.2,23.3,1.5,0,1,1,0,1,1
387,2018-07-20,静岡,26.3,28.5,24.6,0.0,0,1,1,0,0,1
388,2018-07-21,静岡,26.5,29.1,23.6,0.0,0,0,1,0,0,1
389,2018-07-22,静岡,26.0,29.2,23.7,28.0,0,1,1,0,1,0
390,2018-07-23,静岡,26.1,29.9,23.6,12.0,1,0,1,0,0,1
391,2018-07-24,静岡,27.3,30.5,25.0,0.0,1,0,1,0,0,1
392,2018-07-25,静岡,27.7,31.1,25.0,0.0,1,0,1,1,0,1
393,2018-07-26,静岡,27.5,31.7,24.6,30.5,1,0,1,0,1,1
394,2018-07-27,静岡,26.9,28.3,24.6,27.5,0,1,1,0,1,1
395,2018-07-28,静岡,28.3,32.5,25.8,0.0,1,0,1,1,0,1
396,2018-07-29,静岡,27.7,31.4,25.5,3.5,0,1,1,0,1,1
397,2018-07-30,静岡,27.6,30.0,25.2,0.0,0,0,1,1,0,1
398,2018-07-31,静岡,29.0,32.0,26.0,0.0,1,0,1,1,0,1
399,2018-08-01,静岡,29.2,32.3,26.7,0.0,1,0,0,0,0,1
400,2018-08-02,静岡,29.8,32.5,27.4,0.0,1,0,0,1,0,1
401,2018-08-03,静岡,29.3,32.0,27.3,0.0,1,0,1,1,0,1
402,2018-08-04,静岡,29.3,32.1,27.2,0.0,1,0,1,1,0,1
403,2018-08-05,静岡,29.8,34.6,25.5,0.0,1,0,0,1,0,1
404,2018-08-06,静岡,29.4,32.4,26.6,0.0,1,0,1,1,0,0
405,2018-08-07,静岡,29.6,32.8,25.7,0.0,1,0,0,1,0,0
406,2018-08-08,静岡,29.5,32.6,26.6,0.0,1,0,0,1,0,1
407,2018-08-09,静岡,29.3,32.2,27.2,0.0,1,0,1,0,0,1
408,2018-08-10,静岡,29.4,32.9,27.3,0.0,1,0,1,1,0,0
409,2018-08-11,静岡,29.6,33.3,26.5,0.0,1,0,0,1,0,0
410,2018-08-12,静岡,30.0,34.1,26.3,0.0,1,0,1,0,1,1
411,2018-08-13,静岡,30.0,34.1,26.9,2.0,1,1,1,0,1,1
412,2018-08-14,静岡,28.8,32.3,26.7,12.0,0,1,1,0,1,1
413,2018-08-15,静岡,28.6,31.1,27.0,19.0,0,1,1,0,1,1
414,2018-08-16,静岡,28.9,31.9,27.3,12.5,0,1,1,1,0,0
415,2018-08-17,静岡,30.6,35.4,27.2,0.0,1,0,0,1,0,1
416,2018-08-18,静岡,29.1,32.1,27.2,0.0,0,0,1,1,0,1
417,2018-08-19,静岡,29.3,33.5,26.2,0.0,1,0,1,0,0,1
418,2018-08-20,静岡,28.9,32.3,27.0,0.0,0,0,1,1,0,1
419,2018-08-21,静岡,28.0,31.4,25.7,1.5,0,1,1,0,1,1
420,2018-08-22,静岡,28.7,32.7,24.9,0.0,1,0,1,0,1,1
421,2018-08-23,静岡,26.7,30.8,24.7,10.5,0,1,1,0,1,1
422,2018-08-24,静岡,27.2,33.0,23.4,0.0,1,0,1,0,1,1
423,2018-08-25,静岡,26.7,30.3,23.4,0.0,1,0,0,1,0,1
424,2018-08-26,静岡,26.4,30.9,23.2,0.5,1,1,0,1,0,1
425,2018-08-27,静岡,25.2,30.2,22.1,28.5,0,1,1,0,1,1
426,2018-08-28,静岡,27.0,30.1,22.1,20.5,0,1,1,1,0,1
427,2018-08-29,静岡,29.7,34.9,26.7,0.0,1,0,1,1,1,1
428,2018-08-30,静岡,26.5,29.6,24.2,24.5,0,1,1,1,0,1
429,2018-08-31,静岡,27.9,34.4,23.7,0.0,1,0,1,1,0,0
430,2018-09-01,静岡,28.1,34.7,23.4,0.0,1,0,0,1,0,1
431,2018-09-02,静岡,28.5,34.9,23.9,0.0,1,0,1,1,0,0
432,2018-09-03,静岡,27.7,31.6,24.6,0.0,1,0,0,1,0,1
433,2018-09-04,静岡,27.2,31.3,24.5,0.0,1,0,0,0,0,1
434,2018-09-05,静岡,27.4,31.8,24.5,0.0,1,0,1,1,0,0
435,2018-09-06,静岡,28.2,32.6,24.1,0.0,1,0,0,1,0,0
436,2018-09-07,静岡,28.2,33.5,23.5,1.0,1,1,0,1,1,1
437,2018-09-08,静岡,28.7,33.9,25.1,35.0,1,1,1,0,1,1
438,2018-09-09,静岡,29.6,34.9,25.3,5.5,0,1,1,1,0,1
439,2018-09-10,静岡,28.6,32.2,25.7,5.0,1,0,1,0,1,1
440,2018-09-11,静岡,27.6,31.4,25.2,22.5,0,1,1,1,0,1
441,2018-09-12,静岡,26.5,29.9,24.0,0.5,1,1,1,0,1,1
442,2018-09-13,静岡,24.3,25.8,22.3,0.0,0,1,1,1,0,1
443,2018-09-14,静岡,25.2,29.3,21.4,0.0,1,0,1,1,0,1
444,2018-09-15,静岡,27.1,31.9,21.2,0.0,1,0,0,1,0,1
445,2018-09-16,静岡,28.7,33.9,25.1,0.0,1,0,1,1,0,1
446,2018-09-17,静岡,28.3,32.7,25.8,0.0,1,0,1,1,0,1
447,2018-09-18,静岡,23.1,26.1,21.0,6.0,0,1,1,0,1,1
448,2018-09-19,静岡,24.0,27.9,21.3,0.0,1,0,1,1,0,1
449,2018-09-20,静岡,23.8,28.0,19.6,0.0,1,1,1,0,1,1
450,2018-09-21,静岡,24.0,25.8,21.6,0.0,0,0,1,0,0,1
451,2018-09-22,静岡,24.0,28.8,21.9,7.5,0,1,1,0,1,1
452,2018-09-23,静岡,26.3,30.6,22.4,10.5,0,1,1,1,0,1
453,2018-09-24,静岡,25.0,29.3,21.9,0.0,1,1,1,1,0,0
454,2018-09-25,静岡,24.7,29.4,20.4,0.0,1,0,0,1,0,1
455,2018-09-26,静岡,24.5,29.3,19.9,0.0,1,0,0,1,0,0
456,2018-09-27,静岡,24.5,28.3,20.7,0.0,1,0,1,1,0,1
457,2018-09-28,静岡,23.9,27.4,21.0,0.0,0,1,1,0,1,1
458,2018-09-29,静岡,24.7,28.4,21.4,0.0,1,0,1,0,0,1
459,2018-09-30,静岡,26.1,30.1,22.6,0.0,1,0,1,1,0,1
460,2019-07-01,大阪,24.9,27.9,22.8,11.0,0,1,1,0,1,1
461,2019-07-02,大阪,24.5,27.1,22.9,4.0,0,1,1,0,0,1
462,2019-07-03,大阪,24.7,27.5,22.9,4.5,0,1,1,0,1,1
463,2019-07-04,大阪,25.5,28.5,23.1,9.5,0,0,1,1,0,1
464,2019-07-05,大阪,24.5,29.3,22.5,0.0,0,0,1,0,1,1
465,2019-07-06,大阪,24.5,28.5,21.9,0.5,1,0,1,0,0,1
466,2019-07-07,大阪,26.4,32.0,23.0,0.0,1,0,1,1,0,1
467,2019-07-08,大阪,25.8,30.7,22.0,0.0,1,0,1,0,1,1
468,2019-07-09,大阪,24.6,28.2,22.6,3.0,0,1,1,0,0,1
469,2019-07-10,大阪,26.0,29.7,23.2,0.0,0,0,1,0,1,1
470,2019-07-11,大阪,23.3,25.3,20.7,24.5,0,1,1,0,1,1
471,2019-07-12,大阪,25.2,30.2,20.8,0.5,1,0,1,1,0,1
472,2019-07-13,大阪,23.9,27.3,21.1,10.5,0,1,1,0,1,1
473,2019-07-14,大阪,23.1,26.2,21.1,14.5,0,1,1,0,1,1
474,2019-07-15,大阪,25.2,29.7,21.9,0.5,1,0,1,1,0,1
475,2019-07-16,大阪,26.6,32.8,22.5,0.0,1,0,1,1,0,1
476,2019-07-17,大阪,27.1,31.7,23.7,0.0,1,0,1,0,0,1
477,2019-07-18,大阪,26.3,30.8,22.9,24.0,0,1,1,0,1,0
478,2019-07-19,大阪,24.6,27.1,22.8,31.5,0,1,1,0,1,1
479,2019-07-20,大阪,26.8,29.6,23.9,0.0,0,0,1,0,0,1
480,2019-07-21,大阪,28.7,32.1,25.2,0.0,0,0,1,0,1,1
481,2019-07-22,大阪,27.2,30.9,24.7,34.0,0,1,1,0,1,1
482,2019-07-23,大阪,27.0,31.9,24.0,18.5,1,1,1,0,1,1
483,2019-07-24,大阪,28.8,33.6,25.5,0.0,1,0,1,1,0,1
484,2019-07-25,大阪,29.7,34.4,26.8,0.0,1,0,1,1,0,0
485,2019-07-26,大阪,29.1,34.4,26.0,0.0,1,0,1,1,0,1
486,2019-07-27,大阪,26.4,28.2,24.9,11.0,0,1,1,1,0,1
487,2019-07-28,大阪,28.9,33.2,25.1,0.0,1,0,0,1,0,1
488,2019-07-29,大阪,30.3,35.2,26.8,0.0,1,0,0,1,0,0
489,2019-07-30,大阪,30.5,34.8,27.5,0.0,1,0,0,1,0,1
490,2019-07-31,大阪,31.2,35.4,28.4,0.0,1,0,0,1,0,0
491,2019-08-01,大阪,31.7,35.9,28.1,0.0,1,0,0,1,0,0
492,2019-08-02,大阪,31.4,37.5,28.6,0.0,1,0,0,1,0,1
493,2019-08-03,大阪,30.5,36.3,28.3,0.0,1,0,0,1,0,1
494,2019-08-04,大阪,30.4,34.7,27.8,0.0,1,0,0,1,0,0
495,2019-08-05,大阪,30.9,36.3,27.2,0.0,1,0,1,0,0,1
496,2019-08-06,大阪,31.0,36.9,27.9,0.0,0,0,1,1,0,0
497,2019-08-07,大阪,30.4,36.2,27.7,0.0,1,0,1,1,0,1
498,2019-08-08,大阪,30.2,34.9,27.5,0.0,1,0,0,1,0,1
499,2019-08-09,大阪,30.2,35.5,27.4,0.0,1,0,1,1,0,1
500,2019-08-10,大阪,30.7,37.2,27.5,0.0,1,0,1,1,0,0
501,2019-08-11,大阪,30.8,36.7,27.4,0.0,1,0,1,1,0,1
502,2019-08-12,大阪,31.1,36.7,27.8,0.0,0,0,1,1,0,1
503,2019-08-13,大阪,31.2,35.5,28.8,0.0,1,0,1,1,0,1
504,2019-08-14,大阪,30.7,36.3,28.5,0.0,1,1,1,1,0,1
505,2019-08-15,大阪,29.2,32.4,26.2,101.5,0,1,1,0,1,1
506,2019-08-16,大阪,29.7,33.7,26.3,39.5,1,0,1,1,0,1
507,2019-08-17,大阪,30.2,34.0,27.7,0.0,1,0,1,1,0,0
508,2019-08-18,大阪,30.1,35.3,27.2,0.0,1,0,0,1,0,1
509,2019-08-19,大阪,28.2,33.1,25.4,8.0,0,1,1,0,1,1
510,2019-08-20,大阪,28.4,32.9,25.0,6.0,0,1,1,0,0,1
511,2019-08-21,大阪,30.2,33.8,27.8,0.0,1,0,1,1,0,1
512,2019-08-22,大阪,30.0,33.9,27.4,0.0,1,0,1,0,1,1
513,2019-08-23,大阪,26.8,29.6,23.3,26.0,0,1,1,0,1,1
514,2019-08-24,大阪,26.0,29.7,23.2,2.5,1,0,1,0,1,1
515,2019-08-25,大阪,25.8,30.0,22.6,6.0,1,0,1,1,1,0
516,2019-08-26,大阪,26.5,31.4,21.7,0.0,1,0,1,1,0,0
517,2019-08-27,大阪,25.4,28.5,23.3,16.0,0,1,1,0,1,1
518,2019-08-28,大阪,26.9,28.8,24.1,3.5,0,1,1,0,0,1
519,2019-08-29,大阪,28.5,32.5,26.0,7.0,1,0,1,0,1,1
520,2019-08-30,大阪,25.5,28.9,22.0,16.0,0,1,1,1,1,1
521,2019-08-31,大阪,24.4,30.1,21.9,1.5,1,1,1,0,1,1
522,2019-09-01,大阪,26.0,30.3,22.8,0.0,0,0,1,1,0,1
523,2019-09-02,大阪,28.3,33.2,24.0,0.0,0,0,1,1,0,1
524,2019-09-03,大阪,29.2,34.0,25.8,0.0,1,0,0,1,0,1
525,2019-09-04,大阪,27.8,33.1,23.2,14.0,1,1,1,1,0,1
526,2019-09-05,大阪,26.8,32.3,24.1,30.0,0,1,1,1,0,1
527,2019-09-06,大阪,29.2,35.5,24.9,0.0,1,0,0,1,0,0
528,2019-09-07,大阪,29.6,35.5,25.3,0.0,1,0,1,1,0,0
529,2019-09-08,大阪,30.5,35.7,26.8,0.0,1,0,0,1,0,1
530,2019-09-09,大阪,30.3,34.4,27.5,0.0,1,0,1,1,0,1
531,2019-09-10,大阪,30.9,35.0,28.1,0.0,1,0,0,1,0,0
532,2019-09-11,大阪,29.1,34.5,25.6,3.5,1,1,1,1,1,1
533,2019-09-12,大阪,26.4,30.4,24.1,0.0,1,0,1,0,1,1
534,2019-09-13,大阪,23.3,26.2,20.3,21.0,0,1,1,1,0,1
535,2019-09-14,大阪,27.0,32.0,22.7,0.0,1,0,1,1,0,0
536,2019-09-15,大阪,27.7,33.5,23.5,0.0,1,0,0,1,0,1
537,2019-09-16,大阪,27.3,30.8,24.8,0.0,1,0,1,1,0,0
538,2019-09-17,大阪,26.9,31.8,24.1,0.0,1,0,1,1,0,1
539,2019-09-18,大阪,25.4,30.7,22.1,0.0,1,0,1,1,0,1
540,2019-09-19,大阪,23.1,27.7,19.0,0.0,1,0,1,1,0,0
541,2019-09-20,大阪,21.2,27.2,16.9,5.0,1,1,1,0,1,1
542,2019-09-21,大阪,21.3,24.7,17.9,1.0,0,0,1,0,0,1
543,2019-09-22,大阪,24.6,28.5,22.8,4.5,0,1,1,0,1,1
544,2019-09-23,大阪,26.4,30.9,22.8,2.0,0,1,1,1,0,1
545,2019-09-24,大阪,23.0,25.8,21.1,0.0,0,1,1,1,0,1
546,2019-09-25,大阪,23.5,29.0,19.2,0.0,1,0,0,1,0,0
547,2019-09-26,大阪,25.1,31.0,19.6,0.0,1,0,0,1,0,0
548,2019-09-27,大阪,26.0,29.1,23.9,0.0,0,0,1,0,0,1
549,2019-09-28,大阪,26.2,29.5,23.4,0.0,0,0,1,1,0,1
550,2019-09-29,大阪,27.1,31.7,23.7,0.0,1,0,1,0,0,1
551,2019-09-30,大阪,27.7,32.3,24.5,0.0,1,0,1,1,0,0
552,2019-07-01,京都,24.9,28.5,22.5,7.0,0,1,1,0,1,1
553,2019-07-02,京都,25.0,27.9,22.7,2.5,0,1,1,0,0,1
554,2019-07-03,京都,25.0,27.7,23.2,6.5,0,1,1,0,1,0
555,2019-07-04,京都,26.0,30.7,23.0,8.0,1,0,1,1,0,1
556,2019-07-05,京都,24.1,27.7,21.2,0.0,0,0,1,0,1,1
557,2019-07-06,京都,24.2,28.1,21.5,0.0,0,1,1,0,0,1
558,2019-07-07,京都,25.8,30.4,22.8,0.0,1,0,1,1,0,1
559,2019-07-08,京都,25.9,31.6,20.7,1.0,0,0,1,0,1,1
560,2019-07-09,京都,24.6,26.7,23.5,0.0,0,0,1,0,0,1
561,2019-07-10,京都,25.7,29.4,23.0,0.0,0,0,1,0,1,1
562,2019-07-11,京都,22.3,24.4,20.4,41.5,0,1,0,0,1,1
563,2019-07-12,京都,24.7,31.2,20.8,1.0,0,0,1,0,1,1
564,2019-07-13,京都,23.5,27.1,21.0,11.0,0,1,1,0,1,0
565,2019-07-14,京都,23.1,26.9,20.9,17.5,0,1,1,0,1,1
566,2019-07-15,京都,24.6,27.5,22.0,0.5,0,0,1,1,0,1
567,2019-07-16,京都,25.7,32.2,20.8,13.0,1,1,1,0,0,1
568,2019-07-17,京都,28.2,33.8,24.3,0.0,1,0,1,0,0,1
569,2019-07-18,京都,26.1,30.4,23.5,9.5,0,1,1,0,1,0
570,2019-07-19,京都,24.9,27.9,22.7,26.5,0,1,0,0,1,1
571,2019-07-20,京都,26.4,29.0,23.5,0.5,0,0,1,0,0,1
572,2019-07-21,京都,28.3,32.2,24.4,0.0,0,0,1,0,1,1
573,2019-07-22,京都,26.1,29.5,24.5,27.0,0,1,1,0,1,1
574,2019-07-23,京都,27.1,34.0,24.1,20.0,1,1,1,1,0,1
575,2019-07-24,京都,28.1,35.5,24.1,0.0,1,1,1,1,0,1
576,2019-07-25,京都,28.7,35.6,25.2,2.0,1,0,1,1,1,1
577,2019-07-26,京都,29.1,34.7,25.2,0.0,1,0,1,0,1,1
578,2019-07-27,京都,26.8,30.5,25.1,18.5,0,1,1,0,1,1
579,2019-07-28,京都,29.1,34.7,24.4,0.0,1,0,1,1,0,1
580,2019-07-29,京都,30.7,36.5,25.8,0.0,1,0,1,1,0,1
581,2019-07-30,京都,31.4,36.8,27.6,0.0,1,0,1,1,0,1
582,2019-07-31,京都,31.3,36.6,27.9,0.0,1,0,1,1,0,0
583,2019-08-01,京都,30.9,35.4,26.7,4.5,1,1,0,1,0,0
584,2019-08-02,京都,31.9,37.9,27.2,0.0,1,0,0,1,0,1
585,2019-08-03,京都,31.8,38.2,27.9,0.0,1,0,0,1,0,0
586,2019-08-04,京都,31.7,37.5,27.1,0.0,1,0,0,1,0,1
587,2019-08-05,京都,31.3,36.8,27.9,0.0,1,0,0,1,0,1
588,2019-08-06,京都,31.1,34.6,28.5,0.0,0,0,1,0,0,1
589,2019-08-07,京都,31.0,36.5,27.8,0.0,1,1,1,1,0,1
590,2019-08-08,京都,31.6,38.0,27.0,0.0,1,0,0,1,0,1
591,2019-08-09,京都,31.4,38.2,26.5,0.0,1,0,1,1,0,1
592,2019-08-10,京都,31.8,38.6,26.5,0.0,1,0,1,1,0,0
593,2019-08-11,京都,31.8,37.7,27.3,0.0,1,0,1,1,0,1
594,2019-08-12,京都,31.4,35.7,28.4,0.0,0,0,1,1,0,1
595,2019-08-13,京都,31.7,36.1,28.9,0.0,1,0,1,1,1,1
596,2019-08-14,京都,30.2,34.3,28.1,0.5,0,1,1,0,0,1
597,2019-08-15,京都,29.5,33.5,26.1,66.0,0,1,1,0,1,0
598,2019-08-16,京都,29.5,34.6,26.0,44.0,1,1,1,1,0,1
599,2019-08-17,京都,30.8,35.7,27.1,0.0,1,0,1,1,0,0
600,2019-08-18,京都,30.5,36.7,25.9,0.0,1,0,1,1,0,1
601,2019-08-19,京都,28.4,33.6,24.9,52.5,0,1,1,0,1,1
602,2019-08-20,京都,27.7,31.5,24.8,30.5,0,1,1,0,1,1
603,2019-08-21,京都,29.9,35.4,26.5,16.0,0,1,1,1,0,1
604,2019-08-22,京都,29.7,34.6,26.4,2.0,0,0,1,0,1,1
605,2019-08-23,京都,25.1,27.6,23.0,39.0,0,1,1,0,1,1
606,2019-08-24,京都,26.5,31.8,22.9,0.5,0,0,1,0,1,1
607,2019-08-25,京都,26.5,32.4,23.4,0.0,1,0,1,1,0,1
608,2019-08-26,京都,26.5,32.8,21.2,0.0,1,0,1,1,0,1
609,2019-08-27,京都,24.4,28.2,22.0,24.5,0,1,1,0,1,0
610,2019-08-28,京都,25.2,27.7,23.3,63.5,0,1,0,0,1,1
611,2019-08-29,京都,27.4,32.8,23.5,8.0,0,0,1,0,1,1
612,2019-08-30,京都,25.8,28.4,22.6,3.5,0,1,1,0,0,1
613,2019-08-31,京都,25.1,31.0,22.1,0.0,0,0,1,0,0,1
614,2019-09-01,京都,25.6,29.1,22.7,0.0,0,0,1,1,0,1
615,2019-09-02,京都,27.6,32.8,23.4,0.5,0,1,1,1,0,1
616,2019-09-03,京都,28.9,35.1,24.6,0.0,1,0,1,0,0,1
617,2019-09-04,京都,27.4,34.4,23.6,27.0,0,1,1,0,1,1
618,2019-09-05,京都,27.9,31.9,24.6,0.0,0,0,1,0,0,1
619,2019-09-06,京都,29.5,34.5,26.1,0.0,1,0,1,1,0,0
620,2019-09-07,京都,29.3,34.1,26.2,0.0,1,0,1,1,0,1
621,2019-09-08,京都,30.7,35.7,27.2,0.0,1,0,0,1,0,0
622,2019-09-09,京都,31.0,36.9,26.3,0.0,1,0,0,1,0,1
623,2019-09-10,京都,29.7,36.2,26.6,1.0,1,1,0,1,0,1
624,2019-09-11,京都,27.1,33.8,24.9,28.5,1,1,0,1,1,0
625,2019-09-12,京都,25.5,29.5,22.9,0.0,1,0,1,0,1,1
626,2019-09-13,京都,24.0,26.6,21.2,6.0,0,1,1,1,0,1
627,2019-09-14,京都,26.8,32.0,22.4,0.0,1,0,0,1,0,0
628,2019-09-15,京都,27.3,33.1,22.7,0.0,1,0,1,1,0,0
629,2019-09-16,京都,26.7,30.7,23.8,0.0,1,0,0,1,0,0
630,2019-09-17,京都,26.2,31.6,22.7,0.0,1,0,0,1,0,1
631,2019-09-18,京都,25.2,29.8,22.0,0.0,1,0,1,1,0,1
632,2019-09-19,京都,22.6,26.3,18.3,0.0,1,0,0,1,0,0
633,2019-09-20,京都,20.9,28.5,15.9,3.5,0,1,1,0,1,0
634,2019-09-21,京都,20.5,23.2,17.3,9.5,0,1,1,0,0,1
635,2019-09-22,京都,24.5,26.4,22.9,6.0,0,1,1,0,1,1
636,2019-09-23,京都,26.2,30.7,22.7,2.5,0,1,1,1,0,1
637,2019-09-24,京都,23.0,26.6,21.2,0.0,0,0,1,1,0,1
638,2019-09-25,京都,23.0,29.3,18.4,0.0,1,0,0,1,0,1
639,2019-09-26,京都,24.5,30.0,18.6,0.0,1,0,0,1,0,1
640,2019-09-27,京都,26.0,28.9,24.1,0.0,0,0,1,1,0,1
641,2019-09-28,京都,26.0,29.2,24.1,0.0,0,0,1,0,1,1
642,2019-09-29,京都,26.7,32.3,23.1,0.0,0,0,1,0,0,1
643,2019-09-30,京都,26.9,32.3,23.2,0.0,0,0,1,1,0,1
644,2019-07-01,岐阜,25.0,29.6,22.2,2.5,0,1,1,0,1,1
645,2019-07-02,岐阜,25.7,29.9,22.3,7.5,0,0,1,0,0,1
646,2019-07-03,岐阜,25.0,27.7,22.8,16.5,0,1,1,0,1,0
647,2019-07-04,岐阜,26.1,30.8,23.1,23.0,0,0,1,1,0,1
648,2019-07-05,岐阜,24.1,27.6,21.1,0.0,0,0,1,0,1,1
649,2019-07-06,岐阜,24.5,29.3,21.0,0.0,1,0,1,1,0,1
650,2019-07-07,岐阜,26.3,31.4,22.9,0.0,1,0,0,1,0,1
651,2019-07-08,岐阜,25.3,30.6,21.4,0.0,0,0,1,0,1,1
652,2019-07-09,岐阜,24.1,26.7,22.7,0.0,0,0,1,0,0,1
653,2019-07-10,岐阜,24.7,28.9,22.5,0.0,0,0,1,0,1,1
654,2019-07-11,岐阜,21.2,23.5,19.7,55.5,0,1,0,0,1,0
655,2019-07-12,岐阜,24.5,30.1,19.8,4.0,1,0,1,0,0,1
656,2019-07-13,岐阜,24.0,28.3,20.4,13.5,0,1,1,0,1,0
657,2019-07-14,岐阜,23.8,28.0,20.2,16.5,0,1,1,0,1,1
658,2019-07-15,岐阜,25.1,30.0,22.0,7.5,0,0,1,0,1,1
659,2019-07-16,岐阜,25.0,29.7,22.2,1.0,0,0,1,0,0,1
660,2019-07-17,岐阜,26.8,31.8,23.2,0.0,1,0,1,0,0,1
661,2019-07-18,岐阜,24.5,26.6,23.3,106.0,0,1,0,0,1,0
662,2019-07-19,岐阜,25.0,27.7,23.0,10.5,0,1,1,0,1,1
663,2019-07-20,岐阜,25.8,27.8,23.8,1.5,0,1,1,0,0,1
664,2019-07-21,岐阜,27.1,29.1,25.0,0.0,0,0,1,0,1,1
665,2019-07-22,岐阜,25.3,26.6,23.5,28.0,0,1,0,1,1,1
666,2019-07-23,岐阜,27.6,33.7,22.8,0.0,1,0,1,1,0,0
667,2019-07-24,岐阜,29.4,35.3,23.7,0.0,1,0,0,1,0,0
668,2019-07-25,岐阜,29.3,34.4,25.8,0.0,1,0,1,1,1,0
669,2019-07-26,岐阜,28.3,33.1,23.8,16.0,1,0,0,0,1,1
670,2019-07-27,岐阜,25.1,27.1,23.9,89.5,0,1,0,0,1,1
671,2019-07-28,岐阜,29.1,34.8,24.3,0.0,1,0,1,1,0,1
672,2019-07-29,岐阜,31.1,36.6,26.2,0.0,1,0,1,0,0,1
673,2019-07-30,岐阜,31.7,36.8,27.9,0.0,1,0,1,1,0,1
674,2019-07-31,岐阜,32.3,37.3,27.8,0.0,1,0,0,1,0,0
675,2019-08-01,岐阜,32.4,38.0,27.7,0.0,1,0,0,1,0,0
676,2019-08-02,岐阜,32.0,38.5,28.8,0.0,1,0,0,1,0,0
677,2019-08-03,岐阜,31.2,36.8,27.3,0.0,1,0,0,1,0,1
678,2019-08-04,岐阜,30.8,36.1,27.6,0.0,1,0,1,1,0,1
679,2019-08-05,岐阜,31.0,36.5,28.2,0.0,1,0,0,1,0,1
680,2019-08-06,岐阜,30.9,35.5,28.5,0.0,1,0,1,1,0,1
681,2019-08-07,岐阜,30.9,36.0,27.0,0.0,1,0,0,1,0,1
682,2019-08-08,岐阜,31.3,37.2,27.4,0.0,1,0,0,1,0,0
683,2019-08-09,岐阜,31.5,37.9,27.4,0.0,1,0,1,1,0,1
684,2019-08-10,岐阜,31.6,38.4,27.2,0.0,1,0,1,1,0,1
685,2019-08-11,岐阜,30.7,35.8,27.1,0.0,1,0,0,1,0,1
686,2019-08-12,岐阜,30.7,35.8,27.4,0.0,0,0,1,1,0,1
687,2019-08-13,岐阜,31.7,37.9,27.8,0.0,1,0,0,1,0,0
688,2019-08-14,岐阜,30.7,35.1,28.0,0.0,1,1,0,1,0,1
689,2019-08-15,岐阜,29.5,32.9,27.2,18.5,0,1,1,0,1,0
690,2019-08-16,岐阜,29.5,34.9,26.2,63.5,1,1,1,1,0,1
691,2019-08-17,岐阜,30.7,36.0,27.2,0.0,1,0,1,1,0,1
692,2019-08-18,岐阜,30.8,36.6,25.8,0.0,1,0,0,1,0,1
693,2019-08-19,岐阜,29.4,34.7,26.4,1.5,1,0,1,0,1,1
694,2019-08-20,岐阜,27.9,31.8,25.2,3.0,0,1,1,0,1,1
695,2019-08-21,岐阜,28.0,33.9,24.3,37.5,1,1,1,0,1,1
696,2019-08-22,岐阜,29.3,33.7,25.4,0.5,1,0,1,0,1,1
697,2019-08-23,岐阜,24.7,27.4,22.0,35.0,0,1,1,0,1,1
698,2019-08-24,岐阜,26.8,32.2,22.1,0.0,1,0,1,0,1,1
699,2019-08-25,岐阜,27.2,32.6,21.5,1.0,1,0,0,1,0,0
700,2019-08-26,岐阜,27.0,33.1,21.0,0.0,1,0,0,1,0,0
701,2019-08-27,岐阜,24.4,28.6,22.1,21.0,0,1,1,0,1,0
702,2019-08-28,岐阜,24.8,26.4,23.3,15.0,0,1,1,0,1,1
703,2019-08-29,岐阜,27.2,33.3,23.8,1.5,0,0,1,0,1,1
704,2019-08-30,岐阜,25.2,26.6,23.7,23.5,0,1,1,0,1,1
705,2019-08-31,岐阜,26.6,31.2,23.3,0.5,1,0,1,0,1,1
706,2019-09-01,岐阜,26.2,30.4,23.3,0.0,0,1,1,1,0,1
707,2019-09-02,岐阜,27.8,32.9,23.1,0.0,1,0,1,1,0,1
708,2019-09-03,岐阜,29.1,34.5,25.8,0.0,1,0,1,1,0,1
709,2019-09-04,岐阜,27.1,33.4,23.4,75.0,0,1,1,0,1,0
710,2019-09-05,岐阜,26.4,29.8,23.6,4.0,0,1,1,1,1,1
711,2019-09-06,岐阜,28.1,33.2,24.2,1.5,1,0,1,1,0,1
712,2019-09-07,岐阜,28.7,33.9,24.6,0.0,1,0,1,1,1,1
713,2019-09-08,岐阜,30.6,35.1,25.5,0.0,1,0,0,1,0,1
714,2019-09-09,岐阜,31.9,36.8,28.1,0.0,1,0,1,1,0,1
715,2019-09-10,岐阜,31.1,37.4,27.0,0.0,1,0,0,1,0,1
716,2019-09-11,岐阜,29.6,35.0,27.1,0.0,1,1,1,1,1,1
717,2019-09-12,岐阜,27.7,33.1,25.1,0.0,1,0,1,0,0,1
718,2019-09-13,岐阜,25.1,27.0,22.4,0.0,0,0,1,1,0,1
719,2019-09-14,岐阜,25.6,30.1,21.1,0.0,1,0,1,1,0,1
720,2019-09-15,岐阜,27.9,33.9,22.6,0.0,1,0,0,1,0,0
721,2019-09-16,岐阜,28.9,34.2,24.4,0.0,1,0,0,1,0,1
722,2019-09-17,岐阜,28.0,34.5,24.2,0.0,1,0,0,1,0,1
723,2019-09-18,岐阜,26.1,30.4,23.5,0.0,1,0,1,1,0,1
724,2019-09-19,岐阜,24.3,29.4,19.5,0.0,1,0,0,1,0,0
725,2019-09-20,岐阜,23.2,30.4,17.4,1.5,1,0,1,0,1,0
726,2019-09-21,岐阜,20.8,22.4,19.0,8.5,0,1,1,0,0,1
727,2019-09-22,岐阜,23.1,27.8,20.1,5.5,0,1,1,0,1,1
728,2019-09-23,岐阜,26.8,32.3,22.2,3.5,1,1,1,1,0,1
729,2019-09-24,岐阜,23.5,28.1,19.9,0.0,1,0,1,1,0,1
730,2019-09-25,岐阜,24.2,30.5,19.7,0.0,1,0,0,0,0,1
731,2019-09-26,岐阜,24.8,30.7,19.7,0.0,1,0,0,1,0,1
732,2019-09-27,岐阜,25.4,29.3,22.1,0.0,1,0,1,1,0,1
733,2019-09-28,岐阜,25.5,28.4,23.1,0.0,0,0,1,0,0,1
734,2019-09-29,岐阜,26.7,31.6,22.1,0.0,1,0,1,1,0,1
735,2019-09-30,岐阜,27.3,33.0,23.2,0.0,1,0,1,1,0,1
736,2019-07-01,宮城,21.1,25.6,17.9,0.0,1,0,1,0,0,1
737,2019-07-02,宮城,24.8,30.7,20.4,0.0,1,0,1,1,0,1
738,2019-07-03,宮城,22.0,26.8,18.9,0.0,1,0,1,0,1,1
739,2019-07-04,宮城,20.5,23.6,18.5,29.0,0,1,1,0,0,1
740,2019-07-05,宮城,20.6,23.7,18.5,0.0,0,0,1,0,1,1
741,2019-07-06,宮城,19.7,22.2,18.0,1.5,0,1,1,0,1,1
742,2019-07-07,宮城,18.4,20.7,16.6,0.5,0,0,1,0,1,1
743,2019-07-08,宮城,17.8,19.4,16.3,0.0,0,0,1,0,0,1
744,2019-07-09,宮城,17.9,19.2,17.0,0.0,0,0,1,0,0,1
745,2019-07-10,宮城,18.4,22.1,16.8,0.0,1,0,1,1,0,1
746,2019-07-11,宮城,19.2,22.1,16.0,0.0,0,0,1,0,1,1
747,2019-07-12,宮城,19.2,21.0,17.6,17.5,0,1,1,0,1,1
748,2019-07-13,宮城,23.1,27.7,19.2,0.0,1,0,1,0,1,1
749,2019-07-14,宮城,20.3,23.0,19.2,11.5,0,1,0,0,1,1
750,2019-07-15,宮城,21.0,24.7,19.5,0.5,0,1,1,0,1,1
751,2019-07-16,宮城,20.0,21.6,18.7,5.0,0,1,1,0,1,0
752,2019-07-17,宮城,21.6,25.6,19.1,1.5,0,1,1,0,1,0
753,2019-07-18,宮城,20.9,23.4,19.1,1.5,0,1,1,0,1,1
754,2019-07-19,宮城,24.6,29.2,21.0,2.5,0,1,1,0,0,1
755,2019-07-20,宮城,23.3,26.9,20.7,1.5,0,1,1,0,1,1
756,2019-07-21,宮城,20.2,21.2,19.7,3.0,0,1,1,0,1,1
757,2019-07-22,宮城,20.2,21.8,18.9,4.0,0,1,1,0,1,0
758,2019-07-23,宮城,21.1,22.3,20.2,10.0,0,1,0,0,1,1
759,2019-07-24,宮城,23.6,28.5,21.0,12.5,1,1,1,0,1,1
760,2019-07-25,宮城,25.4,29.1,23.2,0.0,1,0,1,1,0,1
761,2019-07-26,宮城,26.7,30.9,23.4,0.0,0,0,1,0,1,1
762,2019-07-27,宮城,27.1,31.9,24.9,0.0,0,1,1,1,1,1
763,2019-07-28,宮城,28.8,34.0,24.1,5.5,1,1,1,1,0,0
764,2019-07-29,宮城,28.9,34.4,25.1,4.0,1,1,1,1,0,1
765,2019-07-30,宮城,29.4,33.5,25.8,0.0,1,0,1,1,0,1
766,2019-07-31,宮城,29.5,36.1,25.6,0.0,1,0,1,1,0,1
767,2019-08-01,宮城,30.1,33.8,26.0,0.0,1,0,0,1,0,0
768,2019-08-02,宮城,30.1,34.3,25.8,0.0,1,0,0,1,0,0
769,2019-08-03,宮城,29.8,35.1,25.6,0.0,1,0,0,1,0,1
770,2019-08-04,宮城,26.7,30.0,24.7,0.0,0,1,1,1,0,1
771,2019-08-05,宮城,27.7,32.0,25.0,0.0,1,0,0,1,0,1
772,2019-08-06,宮城,28.7,34.5,25.5,0.0,1,1,0,0,1,1
773,2019-08-07,宮城,28.1,33.4,25.4,0.0,1,0,1,0,0,1
774,2019-08-08,宮城,27.6,32.5,25.4,1.0,0,1,1,1,1,1
775,2019-08-09,宮城,29.1,33.6,25.1,0.0,0,1,1,0,1,1
776,2019-08-10,宮城,24.7,29.0,21.8,0.0,1,1,1,1,0,1
777,2019-08-11,宮城,24.6,27.1,23.0,0.0,0,1,1,0,1,1
778,2019-08-12,宮城,25.8,29.7,23.2,0.5,0,1,1,1,0,1
779,2019-08-13,宮城,26.5,30.0,23.2,0.5,0,0,1,0,1,1
780,2019-08-14,宮城,23.7,25.3,21.6,2.0,0,1,1,0,1,1
781,2019-08-15,宮城,27.3,31.8,24.8,0.0,1,1,1,0,0,1
782,2019-08-16,宮城,25.6,27.6,24.1,8.0,0,1,1,0,0,1
783,2019-08-17,宮城,29.1,34.1,24.4,0.0,1,0,1,1,0,0
784,2019-08-18,宮城,28.0,33.6,24.4,0.0,1,0,1,1,1,1
785,2019-08-19,宮城,25.9,29.2,24.4,0.0,1,0,1,0,1,1
786,2019-08-20,宮城,23.3,24.6,21.8,21.5,0,1,1,0,1,1
787,2019-08-21,宮城,23.8,27.2,20.9,0.0,0,1,1,0,1,1
788,2019-08-22,宮城,24.3,26.4,22.6,2.0,0,1,1,0,1,1
789,2019-08-23,宮城,25.7,29.1,23.3,18.0,0,1,1,0,0,1
790,2019-08-24,宮城,26.2,30.9,22.1,0.0,1,0,1,0,0,1
791,2019-08-25,宮城,24.8,28.7,22.0,0.0,1,0,1,1,0,0
792,2019-08-26,宮城,23.5,28.1,20.8,0.0,1,0,1,0,1,1
793,2019-08-27,宮城,23.1,26.5,20.7,2.5,0,1,1,0,1,1
794,2019-08-28,宮城,22.8,24.5,20.8,19.5,0,1,1,0,1,1
795,2019-08-29,宮城,25.6,30.8,22.3,3.5,0,1,1,0,1,1
796,2019-08-30,宮城,24.1,25.7,22.9,9.0,0,1,1,0,1,1
797,2019-08-31,宮城,25.7,30.3,21.8,0.5,1,0,1,1,0,1
798,2019-09-01,宮城,26.1,31.3,21.3,0.0,1,0,1,0,1,1
799,2019-09-02,宮城,22.2,24.7,20.8,9.5,0,1,0,0,1,1
800,2019-09-03,宮城,22.2,24.6,20.6,4.0,0,1,1,0,1,1
801,2019-09-04,宮城,22.5,26.7,19.1,2.0,0,0,1,0,0,1
802,2019-09-05,宮城,23.2,25.4,21.0,0.0,0,1,1,1,0,1
803,2019-09-06,宮城,25.5,30.3,21.6,0.0,1,0,1,1,0,1
804,2019-09-07,宮城,26.1,29.9,23.4,0.0,0,0,1,1,0,1
805,2019-09-08,宮城,27.4,31.8,24.0,0.0,1,0,0,1,1,1
806,2019-09-09,宮城,25.8,27.9,24.4,20.5,0,1,1,1,0,0
807,2019-09-10,宮城,27.6,33.9,23.1,0.0,1,0,1,1,0,1
808,2019-09-11,宮城,23.1,25.3,20.2,22.0,0,1,1,1,0,1
809,2019-09-12,宮城,22.2,26.4,17.9,0.0,1,0,0,0,0,1
810,2019-09-13,宮城,20.2,24.5,15.7,0.0,1,0,1,1,1,1
811,2019-09-14,宮城,21.6,25.1,17.5,0.0,0,1,1,1,0,1
812,2019-09-15,宮城,23.7,27.9,19.8,0.0,1,0,0,1,1,1
813,2019-09-16,宮城,22.2,23.3,20.9,8.5,0,1,1,1,1,1
814,2019-09-17,宮城,24.3,29.4,20.1,0.0,1,0,0,1,0,0
815,2019-09-18,宮城,21.0,23.0,18.7,0.0,0,0,1,0,0,1
816,2019-09-19,宮城,20.2,23.8,16.8,0.0,1,0,1,1,0,1
817,2019-09-20,宮城,19.9,25.0,16.0,0.0,0,0,1,1,0,1
818,2019-09-21,宮城,19.1,22.4,15.8,0.0,0,1,1,0,1,1
819,2019-09-22,宮城,19.1,20.9,17.8,2.0,0,1,1,0,1,0
820,2019-09-23,宮城,19.6,26.1,17.3,3.5,0,1,1,1,0,1
821,2019-09-24,宮城,23.3,28.4,19.5,0.0,1,0,1,1,0,1
822,2019-09-25,宮城,20.8,26.1,15.5,0.0,1,0,0,1,0,1
823,2019-09-26,宮城,19.0,24.3,14.3,0.0,1,0,1,1,0,0
824,2019-09-27,宮城,19.4,25.3,14.1,0.0,1,0,0,0,0,1
825,2019-09-28,宮城,20.4,26.3,15.3,0.0,0,1,1,0,1,1
826,2019-09-29,宮城,22.3,27.7,18.8,0.5,0,0,1,1,0,1
827,2019-09-30,宮城,22.6,29.2,17.6,0.0,1,0,0,1,0,0
828,2019-07-01,茨城,21.7,24.0,20.2,3.0,1,1,1,0,1,1
829,2019-07-02,茨城,24.3,29.9,20.4,0.0,1,1,1,0,0,1
830,2019-07-03,茨城,23.3,26.3,21.0,1.5,1,0,1,0,1,1
831,2019-07-04,茨城,21.1,24.3,19.0,48.0,0,1,0,1,1,1
832,2019-07-05,茨城,20.7,24.1,18.8,0.0,0,0,1,0,1,1
833,2019-07-06,茨城,21.0,22.8,19.1,0.0,0,1,1,0,1,1
834,2019-07-07,茨城,20.2,22.1,18.8,1.0,0,1,1,1,1,1
835,2019-07-08,茨城,20.0,23.4,18.3,0.0,1,0,1,1,0,1
836,2019-07-09,茨城,19.1,20.7,18.1,0.0,0,0,1,0,1,1
837,2019-07-10,茨城,20.1,23.7,17.2,0.0,1,0,1,1,0,1
838,2019-07-11,茨城,20.4,23.9,18.1,0.0,1,0,1,0,1,1
839,2019-07-12,茨城,20.0,22.3,18.5,1.0,0,1,1,1,1,1
840,2019-07-13,茨城,22.8,27.6,19.1,0.5,0,1,1,0,1,1
841,2019-07-14,茨城,21.3,23.4,19.7,12.5,0,1,1,0,1,1
842,2019-07-15,茨城,20.7,23.3,19.3,3.5,0,1,1,1,1,1
843,2019-07-16,茨城,21.4,25.0,19.0,10.5,0,1,1,0,1,1
844,2019-07-17,茨城,22.7,26.5,20.7,2.5,1,1,1,1,1,1
845,2019-07-18,茨城,23.1,26.2,20.3,2.0,0,1,1,0,1,1
846,2019-07-19,茨城,26.3,31.8,23.2,4.0,1,1,1,0,1,1
847,2019-07-20,茨城,24.8,29.5,22.2,2.5,0,1,1,0,1,1
848,2019-07-21,茨城,22.1,24.1,20.7,0.0,0,1,1,0,1,1
849,2019-07-22,茨城,22.0,23.8,20.2,0.5,0,1,1,0,1,1
850,2019-07-23,茨城,23.9,27.3,22.0,1.0,0,1,1,1,1,1
851,2019-07-24,茨城,25.4,29.3,22.9,1.0,1,1,1,1,0,0
852,2019-07-25,茨城,26.6,30.8,23.9,0.0,1,1,1,1,0,1
853,2019-07-26,茨城,28.9,34.0,23.0,0.0,1,1,0,1,1,1
854,2019-07-27,茨城,29.1,33.5,26.3,6.0,1,1,1,1,1,1
855,2019-07-28,茨城,28.3,32.7,25.1,22.0,1,1,1,1,0,0
856,2019-07-29,茨城,28.3,33.2,25.6,0.0,1,1,1,1,0,1
857,2019-07-30,茨城,29.5,35.2,24.0,0.0,1,0,0,1,0,1
858,2019-07-31,茨城,29.4,35.0,25.4,0.0,1,0,1,1,0,1
859,2019-08-01,茨城,29.5,34.5,24.9,0.0,1,0,0,1,0,0
860,2019-08-02,茨城,29.7,34.6,25.2,0.0,1,0,0,1,0,0
861,2019-08-03,茨城,30.1,34.8,26.1,0.0,1,0,0,1,0,0
862,2019-08-04,茨城,28.6,32.8,25.8,0.0,1,0,0,1,0,0
863,2019-08-05,茨城,28.4,32.4,24.1,0.0,1,0,0,1,0,0
864,2019-08-06,茨城,30.6,36.3,25.9,0.0,1,0,1,1,0,1
865,2019-08-07,茨城,28.2,33.8,24.6,0.0,1,0,1,1,0,1
866,2019-08-08,茨城,30.3,35.3,25.5,0.0,1,0,1,1,0,1
867,2019-08-09,茨城,30.6,35.7,26.4,0.0,1,0,0,1,1,1
868,2019-08-10,茨城,27.5,30.8,24.7,0.0,1,0,1,1,0,1
869,2019-08-11,茨城,26.0,29.5,24.0,0.0,1,0,1,1,0,1
870,2019-08-12,茨城,27.9,32.6,24.3,0.0,1,1,1,1,0,1
871,2019-08-13,茨城,28.3,32.5,24.9,0.0,1,1,1,1,1,0
872,2019-08-14,茨城,26.7,29.0,25.8,5.5,0,1,1,1,0,0
873,2019-08-15,茨城,29.6,33.4,26.2,0.0,1,1,1,1,0,1
874,2019-08-16,茨城,28.8,31.0,27.6,0.0,0,1,1,1,0,1
875,2019-08-17,茨城,29.4,35.7,24.7,0.0,1,0,0,1,1,1
876,2019-08-18,茨城,28.1,32.3,25.3,0.0,1,0,1,1,1,1
877,2019-08-19,茨城,26.2,30.2,24.8,0.0,1,1,1,0,1,1
878,2019-08-20,茨城,24.8,28.2,23.0,17.0,0,1,1,1,1,1
879,2019-08-21,茨城,24.7,29.2,22.4,27.0,1,1,1,1,1,1
880,2019-08-22,茨城,24.7,27.5,22.4,12.5,0,1,1,0,1,1
881,2019-08-23,茨城,26.0,29.4,23.8,1.0,0,1,1,0,1,1
882,2019-08-24,茨城,25.9,30.3,22.3,0.0,1,0,1,0,1,1
883,2019-08-25,茨城,24.4,30.5,20.3,18.0,1,0,1,0,1,1
884,2019-08-26,茨城,23.5,27.6,20.5,0.0,1,0,1,1,1,1
885,2019-08-27,茨城,24.4,28.9,21.3,0.5,1,1,1,0,1,1
886,2019-08-28,茨城,24.8,27.9,21.7,1.5,0,1,1,0,1,1
887,2019-08-29,茨城,27.3,34.2,23.3,0.0,1,0,1,1,0,1
888,2019-08-30,茨城,25.4,27.3,23.7,3.5,0,1,1,1,1,1
889,2019-08-31,茨城,25.7,29.8,23.3,0.0,1,1,1,1,1,1
890,2019-09-01,茨城,25.9,30.2,23.1,0.0,1,1,1,1,0,1
891,2019-09-02,茨城,24.6,28.6,22.2,0.0,1,1,1,1,0,1
892,2019-09-03,茨城,23.5,25.9,21.9,2.0,0,1,1,1,1,1
893,2019-09-04,茨城,22.8,25.7,19.9,1.5,0,1,1,1,0,1
894,2019-09-05,茨城,24.2,27.4,21.6,0.0,1,0,1,1,0,1
895,2019-09-06,茨城,26.4,31.6,22.4,0.0,1,1,0,1,0,0
896,2019-09-07,茨城,26.8,31.7,22.5,0.0,1,1,0,1,1,0
897,2019-09-08,茨城,27.9,32.0,24.0,0.0,1,1,0,1,1,1
898,2019-09-09,茨城,28.0,33.4,24.7,72.5,0,1,1,1,1,1
899,2019-09-10,茨城,28.2,34.4,23.6,7.5,1,0,0,1,1,1
900,2019-09-11,茨城,25.7,31.5,23.0,18.5,0,1,1,1,1,1
901,2019-09-12,茨城,23.3,27.3,20.0,0.0,1,0,1,0,0,1
902,2019-09-13,茨城,20.6,23.8,17.9,0.0,0,1,1,1,0,1
903,2019-09-14,茨城,22.0,26.7,17.6,0.0,1,0,1,1,0,1
904,2019-09-15,茨城,23.6,28.2,18.4,0.0,1,0,1,1,1,1
905,2019-09-16,茨城,23.2,25.3,21.7,21.5,0,1,1,1,0,1
906,2019-09-17,茨城,24.3,28.6,22.1,0.0,1,0,0,1,0,1
907,2019-09-18,茨城,20.9,25.8,18.3,3.5,1,1,1,1,1,1
908,2019-09-19,茨城,19.9,25.7,16.1,0.0,1,1,1,1,0,1
909,2019-09-20,茨城,20.8,26.1,16.3,0.0,1,0,1,0,1,1
910,2019-09-21,茨城,20.3,23.2,17.2,0.5,0,1,1,1,1,1
911,2019-09-22,茨城,20.8,26.2,16.3,0.5,1,0,1,0,1,1
912,2019-09-23,茨城,25.7,32.0,20.2,4.5,0,1,1,1,0,0
913,2019-09-24,茨城,24.0,27.7,21.1,0.5,1,1,1,0,1,1
914,2019-09-25,茨城,22.5,27.4,18.1,0.0,1,0,1,1,0,1
915,2019-09-26,茨城,19.4,24.2,15.9,0.0,1,0,1,1,0,1
916,2019-09-27,茨城,20.0,27.1,14.4,0.0,1,0,1,1,0,1
917,2019-09-28,茨城,22.3,27.7,17.1,0.0,1,1,1,0,1,1
918,2019-09-29,茨城,24.5,29.2,20.8,0.0,1,1,1,1,1,1
919,2019-09-30,茨城,23.0,27.0,18.7,0.0,1,0,0,1,0,1
920,2019-07-01,北海道,17.8,22.0,16.2,0.0,0,1,1,1,0,1
921,2019-07-02,北海道,18.3,23.1,15.7,4.5,0,1,1,0,1,1
922,2019-07-03,北海道,16.4,18.9,14.8,0.5,0,1,1,1,0,1
923,2019-07-04,北海道,19.0,24.2,15.4,0.0,0,1,1,1,0,1
924,2019-07-05,北海道,19.3,23.4,16.9,0.0,0,1,1,1,0,1
925,2019-07-06,北海道,21.0,26.4,16.3,0.0,1,0,0,1,0,1
926,2019-07-07,北海道,20.2,24.8,15.4,0.0,1,0,0,1,0,1
927,2019-07-08,北海道,19.8,24.7,16.2,0.0,1,0,0,1,0,1
928,2019-07-09,北海道,20.5,27.0,15.0,0.0,1,0,0,1,0,0
929,2019-07-10,北海道,20.5,27.9,16.1,0.0,1,0,0,1,0,0
930,2019-07-11,北海道,19.9,24.5,16.2,0.0,1,0,1,0,0,1
931,2019-07-12,北海道,17.7,18.8,17.0,9.0,0,1,1,0,1,1
932,2019-07-13,北海道,19.5,22.9,17.5,7.0,0,1,1,0,1,1
933,2019-07-14,北海道,20.7,24.8,18.0,3.5,0,1,1,0,1,1
934,2019-07-15,北海道,21.3,25.4,19.0,0.0,0,0,1,0,0,1
935,2019-07-16,北海道,21.2,24.9,18.5,0.0,0,0,1,1,0,1
936,2019-07-17,北海道,22.3,27.2,18.5,0.0,1,0,1,1,0,1
937,2019-07-18,北海道,22.3,26.5,20.0,0.0,0,0,1,1,0,0
938,2019-07-19,北海道,21.7,26.2,20.2,1.5,1,1,1,0,1,1
939,2019-07-20,北海道,23.3,27.9,19.7,1.0,1,1,1,1,0,1
940,2019-07-21,北海道,22.8,27.4,18.8,0.0,1,0,1,1,0,0
941,2019-07-22,北海道,20.5,24.7,18.1,0.0,1,0,1,0,1,1
942,2019-07-23,北海道,20.2,23.3,18.1,0.5,1,1,1,0,1,1
943,2019-07-24,北海道,22.2,25.4,19.8,0.0,0,1,1,0,1,1
944,2019-07-25,北海道,24.3,30.0,20.4,0.5,0,1,1,1,0,1
945,2019-07-26,北海道,24.3,27.1,22.6,3.0,0,1,1,0,1,1
946,2019-07-27,北海道,25.2,30.8,21.2,0.5,1,1,1,1,0,0
947,2019-07-28,北海道,24.6,29.9,21.5,0.0,1,0,1,1,0,1
948,2019-07-29,北海道,27.7,32.9,22.0,0.0,1,0,1,0,0,1
949,2019-07-30,北海道,29.8,33.5,27.4,0.0,0,0,1,1,0,1
950,2019-07-31,北海道,28.9,32.4,26.0,0.0,1,0,1,1,0,1
951,2019-08-01,北海道,28.7,33.0,25.3,0.0,1,0,1,1,0,0
952,2019-08-02,北海道,27.5,34.2,23.0,0.0,1,0,0,1,0,0
953,2019-08-03,北海道,25.8,30.2,22.5,0.0,1,0,0,1,0,1
954,2019-08-04,北海道,26.0,32.6,21.9,0.0,1,0,0,1,0,1
955,2019-08-05,北海道,25.5,32.0,21.7,0.0,1,0,1,1,0,1
956,2019-08-06,北海道,25.9,32.4,22.8,0.0,0,0,1,0,0,1
957,2019-08-07,北海道,25.3,30.4,23.4,0.0,1,0,1,1,0,1
958,2019-08-08,北海道,23.6,25.0,21.5,26.0,0,1,1,0,1,0
959,2019-08-09,北海道,22.0,25.0,19.5,19.0,0,1,1,0,1,1
960,2019-08-10,北海道,19.9,22.4,17.7,7.5,0,1,1,0,1,1
961,2019-08-11,北海道,21.3,26.6,18.7,0.0,1,0,1,0,0,1
962,2019-08-12,北海道,21.6,25.0,19.3,0.5,0,1,1,1,1,1
963,2019-08-13,北海道,22.1,25.1,19.8,0.0,1,1,1,0,0,1
964,2019-08-14,北海道,21.6,24.7,19.7,0.0,1,0,1,1,0,0
965,2019-08-15,北海道,23.9,27.1,19.8,0.0,1,1,1,0,1,1
966,2019-08-16,北海道,25.2,26.9,23.4,16.5,0,1,0,1,1,1
967,2019-08-17,北海道,26.1,31.8,21.0,2.0,1,1,1,1,0,1
968,2019-08-18,北海道,21.8,25.2,19.8,0.0,1,0,1,1,0,0
969,2019-08-19,北海道,22.9,27.3,19.1,0.0,1,0,1,0,1,1
970,2019-08-20,北海道,20.1,22.1,18.5,18.5,0,1,1,0,0,1
971,2019-08-21,北海道,21.2,25.0,18.3,0.0,0,0,1,0,1,1
972,2019-08-22,北海道,19.7,21.2,18.4,0.0,0,1,1,0,1,1
973,2019-08-23,北海道,18.3,20.1,17.5,25.0,0,1,1,0,0,1
974,2019-08-24,北海道,19.3,22.6,16.9,0.5,0,1,1,0,1,1
975,2019-08-25,北海道,18.3,22.1,16.4,2.5,1,1,0,1,1,0
976,2019-08-26,北海道,18.3,22.4,15.7,0.0,1,1,1,1,0,1
977,2019-08-27,北海道,21.0,25.7,16.2,0.0,1,1,0,1,0,1
978,2019-08-28,北海道,19.2,23.9,17.2,25.0,0,1,1,0,1,0
979,2019-08-29,北海道,20.4,24.4,17.2,1.5,0,1,1,0,0,1
980,2019-08-30,北海道,21.9,26.5,18.3,0.0,1,0,1,1,1,0
981,2019-08-31,北海道,23.3,27.3,20.3,0.0,1,1,1,1,0,0
982,2019-09-01,北海道,22.7,27.8,18.5,0.0,1,1,0,1,0,0
983,2019-09-02,北海道,22.8,29.2,16.8,3.5,1,0,0,1,1,0
984,2019-09-03,北海道,20.8,24.8,17.1,0.0,1,0,0,1,0,0
985,2019-09-04,北海道,20.2,27.0,14.6,0.0,1,0,0,1,0,0
986,2019-09-05,北海道,21.3,26.5,15.8,0.0,1,0,1,0,0,1
987,2019-09-06,北海道,22.6,28.5,19.1,3.5,0,1,1,0,1,1
988,2019-09-07,北海道,24.0,27.4,21.8,0.0,0,1,1,0,0,1
989,2019-09-08,北海道,25.5,31.3,22.1,0.0,1,0,1,1,0,1
990,2019-09-09,北海道,26.6,32.6,23.2,0.0,1,0,1,1,0,1
991,2019-09-10,北海道,23.7,27.9,19.5,0.0,1,0,1,1,0,1
992,2019-09-11,北海道,17.9,20.2,15.9,13.5,0,1,1,1,1,1
993,2019-09-12,北海道,18.1,22.2,14.7,9.5,1,1,0,1,0,0
994,2019-09-13,北海道,17.8,22.7,13.1,0.0,1,0,0,1,0,1
995,2019-09-14,北海道,20.3,24.9,15.5,0.0,0,0,1,0,1,1
996,2019-09-15,北海道,20.3,23.8,18.3,3.0,0,1,1,1,0,1
997,2019-09-16,北海道,20.9,23.8,18.8,4.0,0,1,1,1,1,0
998,2019-09-17,北海道,19.5,23.1,15.4,0.0,1,0,0,0,0,1
999,2019-09-18,北海道,17.5,22.9,13.6,1.0,1,0,1,1,1,0
1000,2019-09-19,北海道,12.9,15.3,10.4,5.5,1,1,0,1,1,1
1001,2019-09-20,北海道,15.6,19.5,12.3,0.0,1,0,1,1,1,0
1002,2019-09-21,北海道,16.0,21.1,10.7,0.0,1,0,0,0,0,1
1003,2019-09-22,北海道,16.2,20.0,13.6,0.0,0,0,1,0,0,1
1004,2019-09-23,北海道,13.9,14.9,13.3,64.0,0,1,0,0,1,1
1005,2019-09-24,北海道,18.3,24.1,14.8,0.5,1,1,0,1,0,0
1006,2019-09-25,北海道,15.0,18.7,10.2,0.0,1,0,0,1,0,1
1007,2019-09-26,北海道,17.0,23.9,9.8,0.0,1,0,0,1,0,1
1008,2019-09-27,北海道,17.3,23.3,13.0,0.0,1,0,1,1,0,0
1009,2019-09-28,北海道,17.7,24.7,10.5,0.0,1,0,0,1,0,1
1010,2019-09-29,北海道,18.4,24.5,15.2,0.5,1,1,1,1,0,0
1011,2019-09-30,北海道,18.7,24.5,13.8,0.0,1,0,1,1,0,0
1012,2019-07-01,兵庫,23.8,25.7,21.9,6.0,0,1,1,0,1,1
1013,2019-07-02,兵庫,24.3,27.2,22.5,6.5,0,1,1,0,0,1
1014,2019-07-03,兵庫,24.1,26.3,22.7,4.5,0,1,1,0,1,1
1015,2019-07-04,兵庫,25.7,28.8,22.7,13.0,1,0,1,1,0,1
1016,2019-07-05,兵庫,25.5,30.5,23.1,0.0,0,0,1,0,0,1
1017,2019-07-06,兵庫,25.2,27.9,23.0,0.0,1,0,1,1,0,1
1018,2019-07-07,兵庫,26.3,29.5,23.1,0.0,1,0,1,1,0,1
1019,2019-07-08,兵庫,25.2,28.6,22.6,0.0,0,0,1,0,1,1
1020,2019-07-09,兵庫,24.7,28.5,22.3,3.5,0,1,1,0,1,1
1021,2019-07-10,兵庫,26.0,31.0,23.6,0.0,0,0,1,0,1,1
1022,2019-07-11,兵庫,23.6,24.8,21.9,31.0,0,1,1,0,1,1
1023,2019-07-12,兵庫,25.5,29.8,22.0,0.0,1,0,1,1,0,1
1024,2019-07-13,兵庫,23.8,26.3,21.6,7.0,0,1,1,0,1,1
1025,2019-07-14,兵庫,23.3,25.5,21.8,7.0,0,1,1,0,1,1
1026,2019-07-15,兵庫,25.6,29.2,22.6,0.0,0,0,1,1,0,1
1027,2019-07-16,兵庫,26.3,30.4,23.3,0.0,1,0,1,0,1,1
1028,2019-07-17,兵庫,26.4,30.3,23.4,21.5,1,0,1,0,0,1
1029,2019-07-18,兵庫,25.8,29.3,22.7,22.0,0,1,1,0,1,0
1030,2019-07-19,兵庫,24.2,26.3,22.6,36.5,0,1,1,0,1,1
1031,2019-07-20,兵庫,27.4,29.9,24.3,0.0,0,0,1,0,0,1
1032,2019-07-21,兵庫,28.1,30.3,25.9,0.5,0,0,1,0,1,1
1033,2019-07-22,兵庫,26.1,28.1,24.6,49.0,0,1,1,0,1,1
1034,2019-07-23,兵庫,27.7,32.0,24.9,1.5,1,0,1,0,0,1
1035,2019-07-24,兵庫,28.3,31.8,26.1,0.0,1,0,1,1,0,1
1036,2019-07-25,兵庫,29.0,32.1,26.9,0.0,1,0,1,1,0,1
1037,2019-07-26,兵庫,29.5,34.1,26.9,0.0,1,0,1,1,1,1
1038,2019-07-27,兵庫,27.7,29.1,25.2,10.0,0,1,1,0,0,1
1039,2019-07-28,兵庫,28.8,31.7,27.1,0.0,1,0,1,1,0,1
1040,2019-07-29,兵庫,29.3,32.9,27.5,0.0,1,0,1,1,0,0
1041,2019-07-30,兵庫,29.7,33.1,27.7,0.0,1,0,0,1,0,1
1042,2019-07-31,兵庫,30.1,34.8,28.2,0.0,1,0,0,1,0,1
1043,2019-08-01,兵庫,31.0,35.2,28.0,0.0,1,0,0,1,0,0
1044,2019-08-02,兵庫,30.5,36.5,28.2,0.0,1,0,0,1,0,0
1045,2019-08-03,兵庫,29.6,34.1,27.7,0.0,1,0,0,1,0,1
1046,2019-08-04,兵庫,29.5,33.0,27.1,0.0,1,0,0,1,0,0
1047,2019-08-05,兵庫,31.5,36.2,27.6,0.0,1,0,1,0,0,1
1048,2019-08-06,兵庫,30.7,34.9,28.5,0.0,0,0,1,1,0,1
1049,2019-08-07,兵庫,29.9,34.0,27.8,0.0,1,0,1,1,0,1
1050,2019-08-08,兵庫,29.3,32.3,27.5,0.0,1,0,0,1,0,1
1051,2019-08-09,兵庫,29.1,33.3,27.1,0.0,0,0,1,1,0,1
1052,2019-08-10,兵庫,29.7,34.5,27.1,0.0,1,0,1,1,0,0
1053,2019-08-11,兵庫,29.9,34.4,27.7,0.0,1,0,1,1,0,1
1054,2019-08-12,兵庫,31.8,36.7,28.4,0.0,0,0,1,1,0,1
1055,2019-08-13,兵庫,32.2,36.6,29.4,0.0,1,0,0,1,0,1
1056,2019-08-14,兵庫,31.1,35.6,29.2,1.5,1,1,1,1,0,1
1057,2019-08-15,兵庫,28.9,32.2,26.4,84.5,0,1,1,0,1,0
1058,2019-08-16,兵庫,28.4,31.2,26.3,39.5,1,0,1,0,0,1
1059,2019-08-17,兵庫,29.8,33.2,26.8,0.0,1,0,1,1,0,1
1060,2019-08-18,兵庫,29.4,33.7,26.6,0.0,1,0,0,1,0,1
1061,2019-08-19,兵庫,28.4,31.1,26.2,2.0,0,1,1,0,1,1
1062,2019-08-20,兵庫,28.1,30.6,25.5,5.0,0,1,1,0,0,1
1063,2019-08-21,兵庫,29.1,31.7,27.4,0.0,1,0,1,1,0,1
1064,2019-08-22,兵庫,29.1,31.9,27.6,0.5,0,0,1,0,1,1
1065,2019-08-23,兵庫,26.9,29.3,24.3,18.0,0,1,1,0,1,1
1066,2019-08-24,兵庫,25.9,28.9,24.3,0.0,0,0,1,0,1,1
1067,2019-08-25,兵庫,26.4,30.5,23.8,1.0,1,0,1,1,1,1
1068,2019-08-26,兵庫,26.3,29.6,22.7,0.0,1,0,1,1,0,1
1069,2019-08-27,兵庫,25.2,26.9,24.0,19.0,0,1,1,0,1,1
1070,2019-08-28,兵庫,26.6,27.5,25.0,19.0,0,1,1,0,1,1
1071,2019-08-29,兵庫,27.2,29.8,25.2,7.0,0,1,1,0,1,1
1072,2019-08-30,兵庫,25.8,28.2,23.7,22.0,0,1,1,0,0,1
1073,2019-08-31,兵庫,24.9,28.4,23.6,1.5,0,1,1,0,1,1
1074,2019-09-01,兵庫,25.9,29.0,23.6,0.0,0,0,1,0,0,1
1075,2019-09-02,兵庫,28.0,31.8,25.2,0.0,0,0,1,1,0,1
1076,2019-09-03,兵庫,28.4,31.2,26.6,0.0,1,0,0,1,0,1
1077,2019-09-04,兵庫,28.7,32.5,26.3,0.0,1,0,1,1,0,1
1078,2019-09-05,兵庫,28.6,33.2,26.6,1.5,0,1,1,1,0,1
1079,2019-09-06,兵庫,29.6,33.7,26.6,0.0,1,0,1,1,0,0
1080,2019-09-07,兵庫,29.8,34.7,26.5,0.0,1,0,1,1,1,0
1081,2019-09-08,兵庫,30.7,35.1,27.8,0.0,1,0,1,1,0,1
1082,2019-09-09,兵庫,29.4,32.3,27.4,0.0,1,0,1,1,0,1
1083,2019-09-10,兵庫,29.9,33.4,28.1,0.0,1,0,1,1,0,0
1084,2019-09-11,兵庫,29.2,32.7,27.2,2.0,1,1,0,0,1,1
1085,2019-09-12,兵庫,27.0,30.6,25.3,0.0,1,0,1,0,1,1
1086,2019-09-13,兵庫,24.8,26.9,21.6,16.0,0,1,1,1,0,1
1087,2019-09-14,兵庫,27.3,31.6,23.5,0.0,1,0,1,1,0,1
1088,2019-09-15,兵庫,28.3,32.5,24.6,0.0,1,0,0,1,0,0
1089,2019-09-16,兵庫,27.8,32.0,25.3,0.0,1,0,0,1,0,0
1090,2019-09-17,兵庫,27.7,31.9,25.6,0.0,1,0,1,1,0,1
1091,2019-09-18,兵庫,26.0,30.7,23.5,0.0,1,0,1,1,0,1
1092,2019-09-19,兵庫,23.9,27.6,20.0,0.0,1,0,0,1,0,1
1093,2019-09-20,兵庫,21.6,27.2,18.3,7.5,0,1,1,0,1,1
1094,2019-09-21,兵庫,22.3,25.1,18.7,1.0,0,0,1,0,0,1
1095,2019-09-22,兵庫,25.2,28.5,23.4,1.0,0,1,1,0,1,1
1096,2019-09-23,兵庫,26.6,28.9,23.8,10.0,1,1,1,1,0,1
1097,2019-09-24,兵庫,23.6,25.5,22.3,0.0,1,0,1,1,0,1
1098,2019-09-25,兵庫,24.2,28.4,20.5,0.0,1,0,0,1,0,0
1099,2019-09-26,兵庫,25.6,30.1,20.5,0.0,1,0,0,1,0,1
1100,2019-09-27,兵庫,26.2,29.2,24.9,0.0,0,0,1,1,0,1
1101,2019-09-28,兵庫,26.1,29.0,24.4,0.0,0,0,1,0,0,1
1102,2019-09-29,兵庫,27.0,29.9,24.6,0.0,1,0,1,0,0,1
1103,2019-09-30,兵庫,27.6,30.6,24.9,0.0,1,0,1,1,0,1
1104,2019-07-01,埼玉,23.5,25.9,21.8,0.0,0,1,1,0,1,1
1105,2019-07-02,埼玉,25.3,29.4,22.0,0.0,0,1,1,0,1,1
1106,2019-07-03,埼玉,25.1,27.8,22.6,3.5,0,0,1,0,1,1
1107,2019-07-04,埼玉,22.0,23.6,21.0,36.0,0,1,1,1,0,1
1108,2019-07-05,埼玉,21.9,24.1,19.6,0.0,0,1,1,0,1,1
1109,2019-07-06,埼玉,22.7,26.6,19.5,1.5,0,1,1,0,1,1
1110,2019-07-07,埼玉,20.8,23.8,18.9,5.0,0,1,1,1,1,1
1111,2019-07-08,埼玉,21.3,24.9,18.7,0.0,0,0,1,0,1,1
1112,2019-07-09,埼玉,19.5,21.4,17.8,0.0,0,1,1,0,1,1
1113,2019-07-10,埼玉,20.8,23.9,18.0,0.0,0,0,1,1,1,1
1114,2019-07-11,埼玉,19.5,22.2,17.7,2.0,0,1,1,0,1,1
1115,2019-07-12,埼玉,20.3,23.2,17.9,3.5,0,1,1,1,0,1
1116,2019-07-13,埼玉,23.7,28.4,19.0,0.5,1,1,1,0,1,0
1117,2019-07-14,埼玉,22.1,24.1,20.6,14.0,0,1,1,0,1,1
1118,2019-07-15,埼玉,22.1,25.7,19.6,4.5,0,1,1,0,1,1
1119,2019-07-16,埼玉,21.7,24.8,19.2,8.5,0,1,1,0,1,1
1120,2019-07-17,埼玉,25.4,30.9,20.4,0.0,1,0,1,1,0,1
1121,2019-07-18,埼玉,24.6,27.9,22.1,10.0,0,1,1,0,1,0
1122,2019-07-19,埼玉,26.6,33.0,23.3,3.0,1,1,1,0,1,1
1123,2019-07-20,埼玉,27.1,30.3,24.2,0.0,0,1,1,0,1,1
1124,2019-07-21,埼玉,24.6,27.0,21.6,1.0,0,1,1,0,1,1
1125,2019-07-22,埼玉,22.6,24.1,21.3,2.0,0,1,1,0,1,1
1126,2019-07-23,埼玉,26.0,30.8,22.6,0.0,1,1,1,1,1,1
1127,2019-07-24,埼玉,26.6,32.8,23.5,9.5,1,1,1,0,1,1
1128,2019-07-25,埼玉,28.2,33.8,24.5,0.0,1,1,1,1,1,1
1129,2019-07-26,埼玉,29.0,34.9,24.8,0.5,1,0,1,1,1,1
1130,2019-07-27,埼玉,28.4,34.0,24.0,44.5,1,0,1,0,1,1
1131,2019-07-28,埼玉,29.3,35.5,25.0,13.0,1,1,1,1,0,1
1132,2019-07-29,埼玉,29.4,36.2,25.8,4.5,1,1,1,1,1,0
1133,2019-07-30,埼玉,30.4,36.8,25.3,0.0,1,0,0,1,0,1
1134,2019-07-31,埼玉,31.3,36.6,26.5,0.0,1,0,1,1,0,1
1135,2019-08-01,埼玉,31.2,37.7,27.1,0.0,1,1,0,1,0,0
1136,2019-08-02,埼玉,31.4,37.4,27.2,0.0,1,0,0,1,0,0
1137,2019-08-03,埼玉,31.2,37.3,26.9,0.0,1,0,0,1,0,0
1138,2019-08-04,埼玉,30.8,36.5,26.2,0.0,1,0,1,1,0,1
1139,2019-08-05,埼玉,30.7,36.5,26.0,0.0,1,0,0,1,0,1
1140,2019-08-06,埼玉,31.3,38.4,27.0,0.0,1,0,1,1,0,0
1141,2019-08-07,埼玉,31.1,37.6,26.3,0.0,1,0,1,1,0,1
1142,2019-08-08,埼玉,31.2,37.6,26.9,0.0,1,0,1,1,1,1
1143,2019-08-09,埼玉,31.2,38.0,25.8,0.0,1,1,1,1,0,1
1144,2019-08-10,埼玉,30.8,37.1,26.6,0.0,1,0,1,1,0,0
1145,2019-08-11,埼玉,29.2,34.2,26.0,0.0,1,1,1,1,1,1
1146,2019-08-12,埼玉,29.5,34.7,25.5,0.0,1,1,1,1,1,1
1147,2019-08-13,埼玉,30.1,35.7,26.1,0.5,1,1,1,1,1,1
1148,2019-08-14,埼玉,27.7,31.0,25.8,68.0,0,1,1,1,1,1
1149,2019-08-15,埼玉,28.7,32.8,25.3,12.5,1,1,1,1,1,1
1150,2019-08-16,埼玉,28.9,32.9,26.8,3.5,1,1,1,1,1,0
1151,2019-08-17,埼玉,30.8,36.8,25.3,0.0,1,0,0,1,0,1
1152,2019-08-18,埼玉,30.1,35.2,26.9,0.0,1,1,1,1,1,1
1153,2019-08-19,埼玉,28.1,32.7,24.5,14.0,1,1,1,0,1,1
1154,2019-08-20,埼玉,24.8,27.7,23.3,7.5,1,1,1,1,1,1
1155,2019-08-21,埼玉,26.3,32.0,23.2,5.5,1,1,1,0,1,1
1156,2019-08-22,埼玉,25.4,28.9,23.0,0.5,0,1,1,0,1,1
1157,2019-08-23,埼玉,25.8,28.4,23.9,4.5,0,1,1,0,1,1
1158,2019-08-24,埼玉,27.4,33.2,22.8,0.5,1,0,1,0,1,1
1159,2019-08-25,埼玉,26.6,32.1,21.3,0.0,1,0,0,1,1,1
1160,2019-08-26,埼玉,25.7,31.0,22.5,0.0,1,1,1,1,1,1
1161,2019-08-27,埼玉,25.3,29.2,22.3,1.0,0,1,1,0,1,1
1162,2019-08-28,埼玉,24.1,26.0,22.8,1.0,0,1,1,0,1,1
1163,2019-08-29,埼玉,28.2,34.2,23.4,1.0,1,0,1,1,0,1
1164,2019-08-30,埼玉,25.5,26.6,24.5,3.5,0,1,1,0,1,1
1165,2019-08-31,埼玉,27.4,32.5,24.2,0.0,1,0,1,0,1,1
1166,2019-09-01,埼玉,27.3,31.6,24.7,0.0,0,1,1,1,0,1
1167,2019-09-02,埼玉,27.3,31.2,23.1,0.0,1,1,1,1,1,1
1168,2019-09-03,埼玉,24.7,26.3,21.6,3.0,0,1,1,1,1,1
1169,2019-09-04,埼玉,23.3,26.1,21.7,0.0,0,1,1,0,1,1
1170,2019-09-05,埼玉,25.2,28.5,22.4,0.0,0,0,1,1,1,1
1171,2019-09-06,埼玉,28.4,34.6,22.8,0.0,1,0,0,1,0,1
1172,2019-09-07,埼玉,29.1,34.7,25.4,0.0,1,0,1,1,0,1
1173,2019-09-08,埼玉,28.5,32.7,25.2,1.0,1,1,1,0,1,1
1174,2019-09-09,埼玉,29.7,35.8,24.7,39.5,0,1,1,1,1,0
1175,2019-09-10,埼玉,29.7,36.1,24.7,22.5,1,0,0,1,1,1
1176,2019-09-11,埼玉,27.0,32.5,24.0,21.0,1,1,1,1,1,1
1177,2019-09-12,埼玉,26.1,31.1,22.6,0.0,1,0,1,0,0,1
1178,2019-09-13,埼玉,21.9,23.2,20.4,0.0,0,0,1,1,0,1
1179,2019-09-14,埼玉,21.4,24.6,17.5,0.0,1,1,1,1,0,1
1180,2019-09-15,埼玉,25.7,30.8,20.3,0.0,1,0,0,1,1,1
1181,2019-09-16,埼玉,25.3,29.0,21.9,4.0,1,1,1,1,0,1
1182,2019-09-17,埼玉,26.6,32.6,23.0,0.0,1,0,0,0,1,1
1183,2019-09-18,埼玉,22.2,26.1,18.8,3.5,0,1,1,1,1,1
1184,2019-09-19,埼玉,22.3,27.7,17.3,0.0,1,0,1,1,1,1
1185,2019-09-20,埼玉,22.6,27.4,19.3,0.0,1,0,1,0,1,1
1186,2019-09-21,埼玉,21.4,23.4,19.4,0.0,0,1,1,1,1,1
1187,2019-09-22,埼玉,22.4,27.4,17.7,13.0,1,1,1,1,1,1
1188,2019-09-23,埼玉,23.1,28.3,20.3,2.0,1,1,1,1,0,1
1189,2019-09-24,埼玉,24.5,29.5,20.6,0.5,1,1,1,1,0,1
1190,2019-09-25,埼玉,24.4,30.0,18.7,0.0,1,0,0,1,0,1
1191,2019-09-26,埼玉,21.9,27.1,18.4,0.0,1,0,1,1,0,1
1192,2019-09-27,埼玉,23.0,29.5,17.3,0.0,1,0,0,1,0,1
1193,2019-09-28,埼玉,23.1,26.8,19.7,0.0,1,0,1,0,0,1
1194,2019-09-29,埼玉,24.6,29.7,20.9,0.0,1,0,1,1,1,1
1195,2019-09-30,埼玉,25.0,31.1,20.7,0.0,1,0,0,1,0,1
1196,2019-07-01,広島,24.7,27.6,22.7,0.5,0,1,1,0,1,1
1197,2019-07-02,広島,23.6,26.4,22.0,0.5,0,0,1,0,0,1
1198,2019-07-03,広島,23.4,24.7,22.4,0.0,0,1,1,0,1,1
1199,2019-07-04,広島,25.3,29.4,21.4,0.0,1,0,1,1,0,1
1200,2019-07-05,広島,26.0,29.6,22.6,0.0,0,0,1,0,0,1
1201,2019-07-06,広島,27.4,32.2,23.8,0.0,1,0,1,1,0,0
1202,2019-07-07,広島,26.5,30.5,22.3,0.0,1,0,1,1,0,1
1203,2019-07-08,広島,24.9,27.4,22.4,0.0,0,1,1,0,1,1
1204,2019-07-09,広島,26.1,29.9,23.5,0.0,0,0,1,0,0,1
1205,2019-07-10,広島,24.9,27.4,22.8,18.5,0,1,1,0,1,0
1206,2019-07-11,広島,25.1,29.3,22.1,34.5,0,1,1,1,0,1
1207,2019-07-12,広島,26.3,29.6,23.5,0.0,1,0,1,0,1,1
1208,2019-07-13,広島,22.4,25.1,20.6,18.5,0,1,0,0,1,1
1209,2019-07-14,広島,23.1,26.2,20.7,1.5,0,1,1,1,0,1
1210,2019-07-15,広島,26.2,30.6,22.0,0.0,1,0,1,1,0,1
1211,2019-07-16,広島,27.1,31.7,23.3,0.0,1,0,0,1,0,1
1212,2019-07-17,広島,27.4,32.1,23.7,0.0,0,0,1,0,1,1
1213,2019-07-18,広島,25.6,27.3,23.2,57.5,0,1,0,0,1,0
1214,2019-07-19,広島,24.6,26.4,23.2,29.5,0,1,0,0,1,1
1215,2019-07-20,広島,26.2,28.8,23.7,9.5,0,1,1,0,1,1
1216,2019-07-21,広島,25.9,28.4,24.4,31.0,0,1,1,0,1,1
1217,2019-07-22,広島,25.3,27.9,24.3,34.0,0,1,1,0,0,1
1218,2019-07-23,広島,25.7,27.7,24.4,20.5,0,1,1,0,0,1
1219,2019-07-24,広島,27.2,30.5,24.7,0.0,0,0,1,0,0,1
1220,2019-07-25,広島,28.9,33.7,25.0,0.0,1,0,0,1,0,1
1221,2019-07-26,広島,29.5,33.8,26.3,0.0,1,0,1,1,0,0
1222,2019-07-27,広島,29.5,34.1,25.7,0.0,1,0,0,1,1,1
1223,2019-07-28,広島,29.0,32.9,26.2,3.5,0,1,1,1,0,1
1224,2019-07-29,広島,29.0,32.9,25.8,0.0,0,0,1,1,0,1
1225,2019-07-30,広島,30.5,34.5,27.5,0.0,1,0,0,1,0,1
1226,2019-07-31,広島,30.6,34.6,28.4,0.0,1,0,0,1,0,0
1227,2019-08-01,広島,30.7,34.7,26.8,0.0,1,0,1,1,0,0
1228,2019-08-02,広島,31.2,35.9,27.1,0.0,1,0,0,1,0,0
1229,2019-08-03,広島,30.9,35.5,27.4,0.0,1,0,0,1,0,1
1230,2019-08-04,広島,30.6,35.3,27.7,0.0,1,0,0,1,0,0
1231,2019-08-05,広島,31.9,37.0,27.3,0.0,1,0,1,1,0,1
1232,2019-08-06,広島,29.6,31.1,27.5,2.5,0,1,1,1,0,1
1233,2019-08-07,広島,30.2,34.5,27.3,0.0,1,0,1,1,0,0
1234,2019-08-08,広島,30.4,34.9,26.9,0.0,1,0,0,1,0,0
1235,2019-08-09,広島,29.6,34.5,25.6,0.0,0,0,1,1,0,1
1236,2019-08-10,広島,29.8,34.8,25.5,0.0,1,0,1,1,0,1
1237,2019-08-11,広島,30.4,34.6,27.2,0.0,0,0,1,1,0,1
1238,2019-08-12,広島,31.0,35.5,26.0,0.0,1,0,1,1,0,0
1239,2019-08-13,広島,32.8,37.5,28.2,0.0,1,0,0,1,0,1
1240,2019-08-14,広島,31.0,35.9,28.2,2.5,1,1,1,0,0,1
1241,2019-08-15,広島,29.2,31.7,26.5,46.5,0,1,1,0,1,1
1242,2019-08-16,広島,29.2,32.2,26.6,5.0,1,0,1,1,0,1
1243,2019-08-17,広島,28.9,32.8,25.7,0.0,1,0,0,1,0,1
1244,2019-08-18,広島,28.4,31.9,25.6,0.0,0,0,1,0,0,1
1245,2019-08-19,広島,27.3,30.0,26.2,2.5,0,1,1,0,1,1
1246,2019-08-20,広島,26.5,28.8,24.5,60.0,0,1,1,0,1,1
1247,2019-08-21,広島,28.5,31.8,25.8,20.0,0,0,1,0,0,1
1248,2019-08-22,広島,28.1,30.5,26.2,21.0,0,0,1,0,1,1
1249,2019-08-23,広島,27.1,30.5,24.9,8.5,0,1,1,0,1,1
1250,2019-08-24,広島,25.5,28.1,23.4,0.5,0,1,1,0,1,1
1251,2019-08-25,広島,24.7,26.5,22.9,0.0,0,0,1,1,0,1
1252,2019-08-26,広島,25.6,29.9,22.2,0.0,1,0,1,0,1,1
1253,2019-08-27,広島,24.4,25.9,22.6,32.5,0,1,1,0,1,0
1254,2019-08-28,広島,25.5,26.8,24.0,85.5,0,1,1,0,1,1
1255,2019-08-29,広島,24.8,28.6,23.4,26.0,0,1,1,0,1,1
1256,2019-08-30,広島,25.5,29.9,22.8,4.5,1,1,1,1,0,1
1257,2019-08-31,広島,24.4,28.7,20.6,0.0,1,0,1,0,1,1
1258,2019-09-01,広島,23.2,24.8,21.2,24.0,0,1,1,0,1,1
1259,2019-09-02,広島,25.5,29.3,22.1,47.5,0,1,1,1,0,1
1260,2019-09-03,広島,27.7,32.0,23.5,0.0,1,0,1,0,0,1
1261,2019-09-04,広島,28.5,33.2,24.6,0.0,0,0,1,1,0,1
1262,2019-09-05,広島,28.6,32.6,25.0,0.0,1,0,1,1,0,1
1263,2019-09-06,広島,29.8,34.3,25.5,0.0,1,0,1,1,0,1
1264,2019-09-07,広島,29.6,32.3,27.8,0.0,1,0,1,0,0,1
1265,2019-09-08,広島,29.9,33.3,26.6,0.0,1,0,0,1,0,1
1266,2019-09-09,広島,30.2,33.6,27.8,0.0,1,0,0,1,0,1
1267,2019-09-10,広島,29.6,33.6,26.8,0.0,1,0,1,1,0,1
1268,2019-09-11,広島,29.4,33.1,27.0,0.0,1,0,1,1,0,1
1269,2019-09-12,広島,27.4,32.0,24.3,0.0,1,0,1,0,1,1
1270,2019-09-13,広島,26.5,31.4,21.7,0.0,1,0,0,1,0,1
1271,2019-09-14,広島,27.7,32.1,24.6,0.0,1,0,1,1,0,0
1272,2019-09-15,広島,28.1,32.8,24.1,0.0,1,0,0,1,0,1
1273,2019-09-16,広島,26.9,31.7,23.4,0.0,1,0,0,1,0,1
1274,2019-09-17,広島,26.8,32.8,22.9,0.0,1,0,0,1,0,1
1275,2019-09-18,広島,25.8,32.6,22.5,0.0,1,0,0,1,0,0
1276,2019-09-19,広島,24.3,29.6,20.4,0.0,1,0,0,1,0,1
1277,2019-09-20,広島,19.8,25.7,17.1,5.5,1,1,1,0,1,0
1278,2019-09-21,広島,20.7,24.0,17.4,2.5,0,0,1,0,1,1
1279,2019-09-22,広島,24.4,28.7,21.0,9.5,0,1,1,0,1,1
1280,2019-09-23,広島,24.9,29.1,21.6,0.0,1,0,1,0,0,1
1281,2019-09-24,広島,22.6,28.2,18.6,0.0,1,0,1,1,0,0
1282,2019-09-25,広島,22.1,27.8,16.3,0.0,1,0,1,1,0,0
1283,2019-09-26,広島,24.0,29.5,18.9,0.0,1,0,1,1,0,1
1284,2019-09-27,広島,25.8,30.6,22.3,0.0,1,0,1,0,0,1
1285,2019-09-28,広島,26.8,30.9,24.3,0.0,1,0,1,0,1,1
1286,2019-09-29,広島,26.2,29.6,23.4,0.0,1,0,1,0,0,1
1287,2019-09-30,広島,26.6,30.5,23.8,0.0,1,0,1,1,0,1
1288,2019-07-01,千葉,21.6,24.6,20.6,1.5,0,1,1,0,1,0
1289,2019-07-02,千葉,22.8,26.7,21.0,0.0,0,1,1,0,0,1
1290,2019-07-03,千葉,22.9,25.3,21.4,1.5,1,0,1,0,1,1
1291,2019-07-04,千葉,22.0,24.4,19.6,94.5,0,1,0,1,1,1
1292,2019-07-05,千葉,21.1,23.0,20.2,1.5,0,0,1,0,1,1
1293,2019-07-06,千葉,20.9,21.5,20.2,23.0,0,1,1,0,1,0
1294,2019-07-07,千葉,20.4,20.8,19.7,29.5,0,1,0,0,1,1
1295,2019-07-08,千葉,19.4,20.2,19.1,0.5,1,1,1,1,0,1
1296,2019-07-09,千葉,19.8,22.0,18.7,0.0,0,1,1,1,0,1
1297,2019-07-10,千葉,20.3,22.7,18.9,0.0,1,0,1,1,0,1
1298,2019-07-11,千葉,20.8,23.9,19.0,0.5,1,1,1,0,1,1
1299,2019-07-12,千葉,20.8,22.8,19.2,11.5,0,1,1,1,1,1
1300,2019-07-13,千葉,22.9,25.9,20.1,0.0,0,1,1,0,1,1
1301,2019-07-14,千葉,21.1,23.4,20.3,43.0,0,1,1,0,1,1
1302,2019-07-15,千葉,20.9,22.4,20.0,1.0,0,1,1,0,1,1
1303,2019-07-16,千葉,20.5,21.2,19.3,52.5,0,1,0,0,1,1
1304,2019-07-17,千葉,21.9,24.4,20.6,1.0,1,1,1,1,0,1
1305,2019-07-18,千葉,24.1,27.9,20.6,0.0,1,1,1,0,1,1
1306,2019-07-19,千葉,25.7,28.2,23.4,4.0,1,1,1,0,1,1
1307,2019-07-20,千葉,24.5,26.6,23.4,0.5,1,0,1,0,1,1
1308,2019-07-21,千葉,23.3,25.2,22.5,0.5,0,1,1,0,1,1
1309,2019-07-22,千葉,22.6,24.0,21.7,0.0,0,1,1,0,1,1
1310,2019-07-23,千葉,24.4,27.9,21.8,1.5,0,1,1,1,0,1
1311,2019-07-24,千葉,25.8,28.6,23.2,0.0,1,0,0,1,0,0
1312,2019-07-25,千葉,27.0,30.6,24.1,0.0,1,0,1,1,0,0
1313,2019-07-26,千葉,27.8,31.5,25.4,0.0,1,0,0,1,1,1
1314,2019-07-27,千葉,27.5,30.0,25.2,5.5,1,1,0,1,1,1
1315,2019-07-28,千葉,25.8,27.9,24.3,9.5,1,1,1,1,0,1
1316,2019-07-29,千葉,26.5,30.1,24.1,0.0,1,0,1,1,0,1
1317,2019-07-30,千葉,26.8,30.7,24.3,0.0,1,0,1,1,0,0
1318,2019-07-31,千葉,26.8,30.8,24.4,0.0,1,0,1,1,0,1
1319,2019-08-01,千葉,27.5,32.2,24.3,0.0,1,0,0,1,0,0
1320,2019-08-02,千葉,27.3,30.8,24.6,0.0,1,0,0,1,0,0
1321,2019-08-03,千葉,27.7,31.3,25.3,0.0,1,1,0,1,0,0
1322,2019-08-04,千葉,27.4,30.8,24.7,0.0,1,0,0,1,0,0
1323,2019-08-05,千葉,27.0,31.4,22.8,0.0,1,1,0,1,0,0
1324,2019-08-06,千葉,28.3,32.2,25.8,0.0,1,0,1,1,0,1
1325,2019-08-07,千葉,28.1,32.3,25.9,0.0,1,0,0,1,0,1
1326,2019-08-08,千葉,27.4,30.7,25.2,0.0,1,0,1,1,0,1
1327,2019-08-09,千葉,27.3,31.3,24.7,0.0,1,0,0,1,0,1
1328,2019-08-10,千葉,28.1,32.1,25.4,0.0,1,0,0,1,0,0
1329,2019-08-11,千葉,25.0,27.8,23.7,0.0,1,0,1,0,1,1
1330,2019-08-12,千葉,26.0,29.4,23.3,1.0,1,1,1,1,0,1
1331,2019-08-13,千葉,27.8,31.6,24.5,1.5,1,1,1,1,1,0
1332,2019-08-14,千葉,28.6,32.0,25.8,1.0,1,1,1,1,1,0
1333,2019-08-15,千葉,29.0,31.9,27.3,0.5,1,0,0,1,0,1
1334,2019-08-16,千葉,27.2,28.3,25.5,0.0,0,1,1,1,0,1
1335,2019-08-17,千葉,27.0,31.1,24.5,0.0,1,0,0,1,0,0
1336,2019-08-18,千葉,25.2,27.8,23.2,0.0,1,0,1,0,0,0
1337,2019-08-19,千葉,25.0,27.7,23.4,0.0,0,1,1,1,1,1
1338,2019-08-20,千葉,25.9,30.8,23.1,13.0,1,1,1,0,1,1
1339,2019-08-21,千葉,25.1,27.8,23.3,0.0,1,0,1,0,1,1
1340,2019-08-22,千葉,24.9,27.9,22.9,33.0,0,0,1,1,1,1
1341,2019-08-23,千葉,25.8,28.1,23.9,3.0,0,1,1,0,1,1
1342,2019-08-24,千葉,25.8,29.4,24.0,0.0,1,1,1,1,1,1
1343,2019-08-25,千葉,25.2,27.9,23.6,0.5,1,0,1,1,0,1
1344,2019-08-26,千葉,25.1,27.6,23.3,0.0,1,1,1,1,1,0
1345,2019-08-27,千葉,25.2,27.3,22.3,16.0,1,1,1,0,1,1
1346,2019-08-28,千葉,25.7,28.4,23.5,11.5,0,1,1,0,1,1
1347,2019-08-29,千葉,27.5,32.2,25.0,0.0,1,0,1,1,0,0
1348,2019-08-30,千葉,25.3,27.6,24.1,6.5,1,1,1,1,1,1
1349,2019-08-31,千葉,26.5,30.5,23.8,0.0,1,1,1,1,0,1
1350,2019-09-01,千葉,25.9,28.9,23.9,0.0,1,0,0,1,0,1
1351,2019-09-02,千葉,26.6,31.5,23.5,0.0,1,0,0,1,0,1
1352,2019-09-03,千葉,25.0,26.9,23.5,0.5,1,1,1,1,1,1
1353,2019-09-04,千葉,24.1,25.7,23.4,0.0,0,1,1,1,0,1
1354,2019-09-05,千葉,25.3,27.9,23.7,0.0,1,0,0,1,0,1
1355,2019-09-06,千葉,26.9,30.8,23.8,0.0,1,0,0,1,0,0
1356,2019-09-07,千葉,26.9,29.7,24.6,0.0,1,1,0,1,1,0
1357,2019-09-08,千葉,28.6,31.4,26.4,0.0,1,1,0,0,1,1
1358,2019-09-09,千葉,26.9,30.2,25.1,112.0,1,1,1,1,0,1
1359,2019-09-10,千葉,26.6,30.6,24.7,0.5,1,0,0,1,1,1
1360,2019-09-11,千葉,26.6,30.7,24.2,13.5,1,0,1,1,1,1
1361,2019-09-12,千葉,24.3,25.7,22.7,0.5,1,0,1,1,0,1
1362,2019-09-13,千葉,22.8,24.7,22.2,0.0,0,0,1,1,1,1
1363,2019-09-14,千葉,24.3,28.0,21.5,4.0,1,1,1,1,0,0
1364,2019-09-15,千葉,24.0,26.2,22.4,13.0,1,1,1,0,1,1
1365,2019-09-16,千葉,23.5,24.9,22.7,119.0,0,1,1,1,0,1
1366,2019-09-17,千葉,24.2,26.3,22.9,0.0,1,0,1,1,0,0
1367,2019-09-18,千葉,21.6,23.8,18.8,18.5,0,1,1,0,1,1
1368,2019-09-19,千葉,22.3,24.4,20.3,0.0,1,0,1,1,0,1
1369,2019-09-20,千葉,22.5,24.1,20.8,0.0,1,0,0,0,1,1
1370,2019-09-21,千葉,22.9,24.4,21.8,0.0,0,1,1,1,0,1
1371,2019-09-22,千葉,23.0,24.9,21.7,1.0,1,1,1,1,1,1
1372,2019-09-23,千葉,26.4,29.7,22.6,2.0,1,1,0,1,0,0
1373,2019-09-24,千葉,25.2,28.7,23.0,0.0,1,1,1,1,1,1
1374,2019-09-25,千葉,23.4,25.4,22.1,0.0,1,0,0,1,0,0
1375,2019-09-26,千葉,22.2,24.1,21.2,0.0,1,0,1,1,0,0
1376,2019-09-27,千葉,22.5,25.3,20.2,0.0,1,0,1,1,0,1
1377,2019-09-28,千葉,24.1,27.8,19.9,0.0,1,0,1,0,1,1
1378,2019-09-29,千葉,25.0,27.7,22.3,0.0,1,1,1,1,1,1
1379,2019-09-30,千葉,23.3,25.1,21.7,0.0,1,0,0,1,0,1
